time_s,ppg_au
0.0,0.016044278594967647
0.008,0.12737876339603352
0.016,0.23595806249906168
0.024,0.3413833476153703
0.032,0.4432557904562775
0.04,0.5411765627331014
0.048,0.6347468361571604
0.056,0.7235677824397725
0.064,0.8072405732922555
0.072,0.8853663804259281
0.08,0.9575463755521081
0.088,1.0233817303821138
0.096,1.0824736166272637
0.104,1.134423205998875
0.112,1.1788316702082668
0.12,1.2153001809667567
0.128,1.2434299099856632
0.136,1.2628220289763041
0.144,1.2730777096499981
0.152,1.2737981237180624
0.16,1.2667590214608464
0.168,1.2543370346016849
0.176,1.2370346570163757
0.184,1.2153543825807174
0.192,1.189798705170508
0.2,1.1608701186615455
0.208,1.1290711169296288
0.216,1.0949041938505548
0.224,1.0588718433001227
0.232,1.0214765591541308
0.24,0.9832208352883766
0.248,0.9446071655786583
0.256,0.9061380439007746
0.264,0.8683159641305234
0.272,0.831643420143703
0.28,0.7966229058161112
0.288,0.7637569150235465
0.296,0.7335479416418074
0.304,0.7064984795466912
0.312,0.6831110226139966
0.32,0.6638880647195217
0.328,0.6493320997390649
0.336,0.6399456215484243
0.344,0.6362311240233977
0.352,0.6371312123712266
0.36,0.6404708091205444
0.368,0.6450758841292386
0.376,0.6497724072551958
0.384,0.6533863483563037
0.392,0.654743677290449
0.4,0.6540930227442507
0.408,0.6524870195010484
0.416,0.6499576465638094
0.424,0.646536882935502
0.432,0.6422567076190941
0.44,0.6371490996175535
0.448,0.6312460379338479
0.456,0.6245795015709453
0.464,0.6171814695318135
0.472,0.6090839208194202
0.48,0.6003188344367337
0.488,0.5909181893867216
0.496,0.5809139646723517
0.504,0.5703381392965917
0.512,0.5592226922624098
0.52,0.5475996025727738
0.528,0.5355008492306516
0.536,0.5229584112390109
0.544,0.5100042676008196
0.552,0.49667039731904544
0.56,0.4829887793966566
0.568,0.46899139283662056
0.576,0.4547102166419056
0.584,0.4401772298154792
0.592,0.4254244113603094
0.6,0.4104837402793641
0.608,0.39538719557561103
0.616,0.3801667562520182
0.624,0.3648544013115533
0.632,0.3494821097571843
0.64,0.334081860591879
0.648,0.31868563281860535
0.656,0.3033254054403311
0.664,0.2880331574600243
0.672,0.27284086788065254
0.68,0.2577805157051838
0.688,0.242884079936586
0.696,0.22818353957782692
0.704,0.21371087363187455
0.712,0.19949806110169663
0.72,0.1855770809902608
0.728,0.17197991230053544
0.736,0.15873853403548802
0.744,0.14588492519808652
0.752,0.13345106479129892
0.76,0.12146893181809282
0.768,0.10997050528143618
0.776,0.09898776418429686
0.784,0.08855268752964289
0.792,0.07869725432044197
0.8,0.06945344355966199
0.808,0.060853234250270574
0.816,0.052928605395236014
0.824,0.045711535997526045
0.832,0.039234005060108317
0.84,0.03352799158595089
0.848,0.028625474578021365
0.856,0.02455843303928784
0.864,0.021358845972718567
0.872,0.019058692381280495
0.88,0.017689951267942004
0.888,0.028427084822638733
0.896,0.06090317259093568
0.904,0.11283811960924497
0.912,0.1819518309139786
0.92,0.26596421154154865
0.928,0.3625951665283672
0.936,0.4695646009108462
0.944,0.5845924197253977
0.952,0.7053985280084337
0.96,0.8297028307963668
0.968,0.9552252331256083
0.976,1.0796856400325705
0.984,1.2008039565536657
0.992,1.3163000877253053
1.0,1.4238939385839022
1.008,1.5213054141658677
1.016,1.6062544195076147
1.024,1.6764608596455544
1.032,1.729644639616099
1.04,1.7635256644556614
1.048,1.7758238392006527
1.056,1.7717827486304227
1.064,1.7587329524388673
1.072,1.737524818034215
1.08,1.709008712824697
1.088,1.6740350042185428
1.096,1.633454059623982
1.104,1.5881162464492442
1.112,1.5388719321025603
1.12,1.486571483992159
1.128,1.4320652695262712
1.136,1.3762036561131261
1.144,1.3198370111609536
1.152,1.263815702077984
1.16,1.208990096272447
1.168,1.1562105611525721
1.176,1.1063274641265899
1.184,1.060191172602729
1.192,1.0186520539892212
1.2,0.9825604756942945
1.208,0.9527668051261798
1.216,0.930121409693107
1.224,0.9154746568033054
1.232,0.9096769138650054
1.24,0.9123029617765553
1.248,0.9200391960992356
1.256,0.9294034062356745
1.264,0.9369133815885005
1.272,0.9390869115603413
1.28,0.9365445699395955
1.288,0.9322738981083218
1.296,0.9263431368596395
1.304,0.9188205269866673
1.312,0.9097743092825239
1.32,0.8992727245403286
1.328,0.8873840135531998
1.336,0.874176417114257
1.344,0.8597181760166186
1.352,0.8440775310534038
1.36,0.8273227230177316
1.368,0.8095219927027204
1.376,0.7907435809014898
1.384,0.7710557284071582
1.392,0.7505266760128445
1.4,0.729224664511668
1.408,0.7072179346967473
1.416,0.6845747273612015
1.424,0.6613632832981493
1.432,0.6376518433007098
1.44,0.6135086481620017
1.448,0.589001938675144
1.456,0.5641999556332558
1.464,0.5391709398294557
1.472,0.5139831320568629
1.48,0.48870477310859617
1.488,0.4634041037777742
1.496,0.43814936485751627
1.504,0.41300879714094113
1.512,0.3880506414211677
1.52,0.36334313849131483
1.528,0.3389545291445015
1.536,0.31495305417384656
1.544,0.2914069543724691
1.552,0.2683844705334876
1.56,0.24595384345002158
1.568,0.2241833139151894
1.576,0.20314112272211013
1.584,0.1828955106639029
1.592,0.1635147185336863
1.6,0.1450669871245796
1.608,0.12762055722970123
1.616,0.11124366964217063
1.624,0.09600456515510637
1.632,0.08197148456162737
1.64,0.06921266865485258
1.648,0.057796358227901065
1.656,0.0477907940738915
1.664,0.039264216985943234
1.672,0.032284867757174235
1.68,0.02692098718070471
1.688,0.023240816049652432
1.696,0.021312595157136557
1.704,0.030436652476255523
1.712,0.0585402345391149
1.72,0.10363195997734531
1.728,0.16372044742257735
1.736,0.23681431550644155
1.744,0.32092218286056867
1.752,0.4140526681165892
1.76,0.5142143899061338
1.768,0.619415966860833
1.776,0.7276660176123175
1.784,0.836973160792218
1.792,0.9453460150321646
1.8,1.0507931989637889
1.808,1.1513233312187205
1.816,1.2449450304285903
1.824,1.3296669152250296
1.832,1.403497604239668
1.84,1.4644457161041364
1.848,1.5105198694500663
1.856,1.5397286829090868
1.864,1.5500807751128294
1.872,1.5463570954243695
1.88,1.5351265659383062
1.888,1.5170797643835583
1.896,1.4929072684890434
1.904,1.4632996559836795
1.912,1.4289475045963844
1.92,1.3905413920560763
1.928,1.348771896091673
1.936,1.3043295944320925
1.944,1.2579050648062524
1.952,1.210188884943071
1.96,1.1618716325714664
1.968,1.1136438854203563
1.976,1.0661962212186584
1.984,1.0202192176952911
1.992,0.9764034525791718
2.0,0.9354395035992189
2.008,0.8980179484843502
2.016,0.8648293649634837
2.024,0.8365643307655374
2.032,0.813913423619429
2.04,0.7975672212540765
2.048,0.7882163013983978
2.056,0.7865512417813109
2.064,0.7914046902968241
2.072,0.7999324225633215
2.08,0.8103097078962846
2.088,0.8207118156111953
2.096,0.8293140150235357
2.104,0.834291575448787
2.112,0.8363906883983477
2.12,0.83759025337602
2.128,0.837914601685891
2.136,0.837388064632048
2.144,0.836034973638192
2.152,0.83387968141487
2.16,0.8309465863075491
2.168,0.8272600925582204
2.176,0.8228446044088736
2.184,0.8177245261014995
2.192,0.8119242618780884
2.2,0.8054682159806305
2.208,0.7983807926511164
2.216,0.790686396131536
2.224,0.7824094306638802
2.232,0.7735743004901392
2.24,0.7642054098523032
2.248,0.7543271629923627
2.256,0.743963964152308
2.264,0.7331402175741297
2.272,0.7218803274998177
2.28,0.7102086981713627
2.288,0.6981497338307551
2.296,0.6857278387199851
2.304,0.672967417081043
2.312,0.6598928731559196
2.32,0.6465286111866045
2.328,0.632899035415089
2.336,0.6190285500833625
2.344,0.6049415594334161
2.352,0.5906624677072398
2.36,0.5762156791468243
2.368,0.5616255979941595
2.376,0.546916628491236
2.384,0.5321131748800443
2.392,0.5172396414025745
2.4,0.5023204323008171
2.408,0.4873799518167625
2.416,0.4724426041924009
2.424,0.45753279366972294
2.432,0.44267492449071866
2.44,0.4278934008973787
2.448,0.41321262713169327
2.456,0.39865700743565285
2.464,0.38425094605124754
2.472,0.37001884722046813
2.48,0.3559851151853045
2.488,0.3421741541877472
2.496,0.3286103684697871
2.504,0.31531816227341347
2.512,0.30232193984061784
2.52,0.28964610541338986
2.528,0.2773150632337201
2.536,0.2653532175435991
2.544,0.2537849725850169
2.552,0.24263473259996388
2.56,0.2319269018304304
2.568,0.22168588451840723
2.576,0.2119360849058844
2.584,0.2027019072348524
2.592,0.19400775574730125
2.6,0.18587803468522157
2.608,0.1783371482906041
2.616,0.17140950080543865
2.624,0.16511949647171573
2.632,0.15949153953142572
2.64,0.15455003422655905
2.648,0.15031938479910625
2.656,0.14682399549105699
2.664,0.14408827054440232
2.672,0.1421366142011326
2.68,0.14099343070323808
2.688,0.1406831242927088
2.696,0.14123009921153523
2.704,0.1426587597017082
2.712,0.15512798450718743
2.72,0.1873709615765079
2.728,0.23727355895852187
2.736,0.3027216447020814
2.744,0.38160108685603883
2.752,0.47179775346924624
2.76,0.5711975125905561
2.768,0.6776862322688202
2.776,0.7891497805528911
2.784,0.9034740254916209
2.792,1.0185448351338617
2.8,1.132248077528466
2.808,1.2424696207242854
2.816,1.347095332770173
2.824,1.44401108171498
2.832,1.5311027356075597
2.84,1.606256162496763
2.848,1.6673572304314437
2.856,1.7122918074604525
2.864,1.7389457616326431
2.872,1.745204960996866
2.88,1.7367913133303896
2.888,1.7212655521061984
2.896,1.699271783916719
2.904,1.6714541153543794
2.912,1.6384566530116065
2.92,1.6009235034808278
2.928,1.5594987733544703
2.936,1.5148265692249623
2.944,1.46755099768473
2.952,1.418316165326202
2.96,1.3677661787418047
2.968,1.3165451445239658
2.976,1.2652971692651125
2.984,1.2146663595576723
2.992,1.1652968219940727
3.0,1.1178326631667406
3.008,1.0729179896681036
3.016,1.0311969080905896
3.024,0.9933135250266251
3.032,0.9599119470686379
3.04,0.9316362808090554
3.048,0.9091306328403047
3.056,0.8930391097548132
3.064,0.8840058181450086
3.072,0.8798362403933963
3.08,0.8773347695382585
3.088,0.8756438781556879
3.096,0.8739060388217772
3.104,0.8712637241126184
3.112,0.8668594066043043
3.12,0.8609889859207531
3.128,0.854533036004341
3.136,0.8475110409088463
3.144,0.8399424846880473
3.152,0.8318468513957227
3.16,0.8232436250856505
3.168,0.8141522898116097
3.176,0.8045923296273783
3.184,0.7945832285867346
3.192,0.7841444707434576
3.2,0.7732955401513254
3.208,0.7620559208641166
3.216,0.7504450969356093
3.224,0.7384825524195825
3.232,0.7261877713698139
3.24,0.7135802378400827
3.248,0.7006794358841668
3.256,0.6875048495558448
3.264,0.6740759629088952
3.272,0.6604122599970963
3.28,0.6465332248742267
3.288,0.6324583415940649
3.296,0.618207094210389
3.304,0.6037989667769778
3.312,0.5892534433476093
3.32,0.5745900079760624
3.328,0.5598281447161154
3.336,0.5449873376215465
3.344,0.5300870707461345
3.352,0.5151468281436575
3.36,0.5001860938678944
3.368,0.48522435197262304
3.376,0.47028108651162215
3.384,0.4553757815386704
3.392,0.44052792110754585
3.4,0.4257569892720271
3.408,0.41108247008589244
3.416,0.3965238476029206
3.424,0.3821006058768898
3.432,0.36783222896157863
3.44,0.35373820091076535
3.448,0.3398380057782284
3.456,0.3261511276177465
3.464,0.3126970504830978
3.472,0.29949525842806063
3.48,0.28656523550641383
3.488,0.27392646577193547
3.496,0.2615984332784042
3.504,0.24960062207959854
3.512,0.23795251622929667
3.52,0.2266735997812771
3.528,0.21578335678931843
3.536,0.20530127130719883
3.544,0.19524682738869698
3.552,0.18563950908759122
3.56,0.1764988004576598
3.568,0.16784418555268155
3.576,0.15969514842643465
3.584,0.15207117313269786
3.592,0.1449917437252488
3.6,0.13847634425786684
3.608,0.13254445878432997
3.616,0.13552342607507062
3.624,0.1547132269655091
3.632,0.18859230860690532
3.64,0.23563911815051938
3.648,0.2943321027476111
3.656,0.36314970954944076
3.664,0.44057038570726814
3.672,0.5250725783723534
3.68,0.6151347346959565
3.688,0.7092353018293373
3.696,0.805852726923756
3.704,0.9034654571304725
3.712,1.000551939600747
3.72,1.095590621485839
3.728,1.1870599499370096
3.736,1.2734383721055176
3.744,1.353204335142623
3.752,1.4248362861995874
3.76,1.4868126724276687
3.768,1.5376119409781286
3.776,1.5757125390022264
3.784,1.5995929136512217
3.792,1.6077315120763744
3.8,1.603183859839142
3.808,1.5905123375513375
3.816,1.570455674939757
3.824,1.5437526017311958
3.832,1.5111418476524505
3.84,1.473362142430316
3.848,1.4311522157915892
3.856,1.3852507974630652
3.864,1.33639661717154
3.872,1.28532840464381
3.88,1.2327848896066707
3.888,1.1795048017869179
3.896,1.126226870911347
3.904,1.0736898267067545
3.912,1.0226323988999364
3.92,0.9737933172176881
3.928,0.9279113113868055
3.936,0.8857251111340848
3.944,0.8479734461863216
3.952,0.8153950462703116
3.96,0.7887286411128515
3.968,0.7687129604407357
3.976,0.7560867339807618
3.984,0.7515886914597236
3.992,0.7542373904150599
4.0,0.7611394963642066
4.008,0.7701659010039581
4.016,0.7791874960311096
4.024,0.7860751731424559
4.032,0.7886998240347916
4.04,0.7879082949254078
4.048,0.7859926411208231
4.056,0.7829915679516739
4.064,0.7789437807485968
4.072,0.7738879848422282
4.08,0.7678628855632047
4.088,0.7609071882421629
4.096,0.7530595982097389
4.104,0.7443588207965696
4.112,0.7348435613332913
4.12,0.7245525251505408
4.128,0.7135244175789541
4.136,0.7017979439491685
4.144,0.6894118095918197
4.152,0.6764047198375447
4.16,0.6628153800169797
4.168,0.6486824954607614
4.176,0.6340447714995264
4.184,0.618940913463911
4.192,0.6034096266845518
4.2,0.5874896164920852
4.208,0.5712195882171479
4.216,0.5546382471903765
4.224,0.537784298742407
4.232,0.5206964482038763
4.24,0.5034134009054209
4.248,0.4859738621776772
4.256,0.46841653735128175
4.264,0.45078013175687115
4.272,0.4331033507250817
4.28,0.41542489958655016
4.288,0.397783483298218
4.296,0.38021779447125503
4.304,0.3627665108382379
4.312,0.3454683092459484
4.32,0.328361866541168
4.328,0.3114858595706783
4.336,0.2948789651812609
4.344,0.27857986021969733
4.352,0.26262722153276913
4.36,0.2470597259672581
4.368,0.23191605036994561
4.376,0.21723487158761318
4.384,0.2030548664670425
4.392,0.18941471185501513
4.4,0.17635308459831261
4.408,0.16390866154371647
4.416,0.15212011953800833
4.424,0.1410261354279701
4.432,0.13066538606038272
4.44,0.12107654828202846
4.448,0.11229829893968815
4.456,0.10436931488014384
4.464,0.09732827295017712
4.472,0.0912138499965693
4.48,0.08606472286610245
4.488,0.0819195684055575
4.496,0.07881706346171624
4.504,0.07679588488136058
4.512,0.07589470951127132
4.52,0.07615221419823112
4.528,0.0861986500779369
4.536,0.11336336342201049
4.544,0.1557336737811193
4.552,0.21139690070593087
4.56,0.2784403637471127
4.568,0.35495138245533225
4.576,0.4390172763812571
4.584,0.5287253650755547
4.592,0.6221629680888926
4.6,0.717417404971938
4.608,0.8125759952753586
4.616,0.9057260585498222
4.624,0.9949549143459959
4.632,1.0783498822145474
4.64,1.153998281706144
4.648,1.2199874323714532
4.656,1.2744046537611429
4.664,1.3153372654258801
4.672,1.3408725869163323
4.68,1.349097937783168
4.688,1.345256744324937
4.696,1.3361491762423525
4.704,1.3221976681893233
4.712,1.3038246548197587
4.72,1.2814525707875677
4.728,1.2555038507466594
4.736,1.2264009293509437
4.744,1.1945662412543288
4.752,1.1604222211107242
4.76,1.1243913035740392
4.768,1.0868959232981825
4.776,1.048358514937064
4.784,1.0092015131445926
4.792,0.9698473525746769
4.8,0.9307184678812268
4.808,0.8922372937181511
4.816,0.8548262647393589
4.824,0.8189078155987595
4.832,0.7849043809502618
4.84,0.7532383954477754
4.848,0.724332293745209
4.856,0.698608510496472
4.864,0.6764894803554737
4.872,0.658397637976123
4.88,0.6447554180123292
4.888,0.6359852551180012
4.896,0.6325095839470483
4.904,0.6334943607305855
4.912,0.6369961783462643
4.92,0.6417734264177992
4.928,0.6465844945689047
4.936,0.6501877724232952
4.944,0.6513416496046849
4.952,0.6504521189601263
4.96,0.6487684004605637
4.968,0.6463137244155481
4.976,0.6431113211346319
4.984,0.6391844209273664
4.992,0.634556254103303
5.0,0.6292500509719936
5.008,0.6232890418429899
5.016,0.6166964570258433
5.024,0.6094955268301057
5.032,0.6017094815653286
5.04,0.5933615515410636
5.048,0.5844749670668624
5.056,0.5750729584522768
5.064,0.5651787560068581
5.072,0.5548155900401581
5.08,0.5440066908617285
5.088,0.532775288781121
5.096,0.5211446141078871
5.104,0.5091378971515785
5.112,0.4967783682217467
5.12,0.48408925762794364
5.128,0.4710937956797206
5.136,0.4578152126866296
5.144,0.44427673895822206
5.152,0.4305016048040496
5.16,0.4165130405336638
5.168,0.4023342764566165
5.176,0.38798854288245926
5.184,0.3734990701207436
5.192,0.3588890884810215
5.2,0.34418182827284427
5.208,0.3294005198057637
5.216,0.3145683933893312
5.224,0.2997086793330988
5.232,0.2848446079466178
5.24,0.26999940953944
5.248,0.25519631442111707
5.256,0.2404585529012006
5.264,0.2258093552892423
5.272,0.21127195189479347
5.28,0.19686957302740624
5.288,0.18262544899663202
5.296,0.1685628101120223
5.304,0.15470488668312893
5.312,0.1410749090195036
5.32,0.12769610743069792
5.328,0.1145917122262632
5.336,0.10178495371575158
5.344,0.08929906220871427
5.352,0.07715726801470318
5.36,0.06538280144327005
5.368,0.053998892803966234
5.376,0.04302877240634348
5.384,0.0324956705599532
5.392,0.022422817574347623
5.4,0.012833443759077731
5.408,0.00375077942369563
5.416,-0.004801945122247145
5.424,-0.012801499569199043
5.432,-0.02022465360760843
5.44,-0.027048176927923523
5.448,-0.03324883922059299
5.456,-0.03880341017606477
5.464,-0.04368865948478752
5.472,-0.04788135683720948
5.48,-0.051358271923779106
5.488,-0.054096174434944744
5.496,-0.05607183406115454
5.504,-0.05726202049285742
5.512,-0.04877665252667282
5.52,-0.022900669406513127
5.528,0.018626628506235185
5.536,0.07406594085018574
5.544,0.14167796726395215
5.552,0.21972340738614796
5.56,0.3064629608553867
5.568,0.40015732731028214
5.576,0.4990672063894477
5.584,0.6014532977314969
5.592,0.7055763009750435
5.6,0.8096969157587015
5.608,0.9120758417210836
5.616,1.0109737785008037
5.624,1.1046514257364757
5.632,1.191369483066713
5.64,1.2693886501301297
5.648,1.3369696265653381
5.656,1.392373112010953
5.664,1.4338598061055874
5.672,1.4596904084878553
5.68,1.4681256187963694
5.688,1.4638418720047137
5.696,1.4530356771307535
5.704,1.4362478448795282
5.712,1.4140191859560762
5.72,1.3868905110654375
5.728,1.3554026309126495
5.736,1.3200963562027521
5.744,1.281512497640784
5.752,1.2401918659317837
5.76,1.1966752717807903
5.768,1.1515035258928432
5.776,1.1052174389729805
5.784,1.0583578217262415
5.792,1.011465484857665
5.8,0.9650812390722898
5.808,0.9197458950751551
5.816,0.8760002635712997
5.824,0.8343851552657621
5.832,0.7954413808635815
5.84,0.7597097510697967
5.848,0.7277310765894467
5.856,0.7000461681275704
5.864,0.6771958363892064
5.872,0.6597208920793942
5.88,0.6481621459031721
5.888,0.6430604085655788
5.896,0.6435865148204309
5.904,0.6474354084231271
5.912,0.6529340635810804
5.92,0.6584094545017037
5.928,0.6621885553924106
5.936,0.6625983404606138
5.944,0.6602211120267298
5.952,0.656777906120576
5.96,0.6523037975136671
5.968,0.6468338609775184
5.976,0.6404031712836448
5.984,0.6330468032035612
5.992,0.6247998315087827
6.0,0.6156973309708246
6.008,0.6057743763612015
6.016,0.5950660424514285
6.024,0.5836074040130206
6.032,0.5714335358174929
6.04,0.5585795126363602
6.048,0.5450804092411378
6.056,0.5309713004033405
6.064,0.5162872608944833
6.072,0.5010633654860813
6.08,0.48533468894964954
6.088,0.469136306056703
6.096,0.45250329157875635
6.104,0.4354707202873252
6.112,0.418073666953924
6.12,0.40034720635006815
6.128,0.38232641324727246
6.136,0.3640463624170519
6.144,0.3455421286309215
6.152,0.3268487866603963
6.16,0.30800141127699154
6.168,0.2890350772522218
6.176,0.26998485935760225
6.184,0.250885832364648
6.192,0.231773071044874
6.2,0.21268165016979515
6.208,0.1936466445109267
6.216,0.17470312883978323
6.224,0.15588617792788007
6.232,0.13723086654673242
6.24,0.11877226946785477
6.248,0.10054546146276241
6.256,0.08258551730297024
6.264,0.06492751175999352
6.272,0.04760651960534691
6.28,0.03065761561054567
6.288,0.014115874547104654
6.296,-0.001983628813460897
6.304,-0.017605819699636413
6.312,-0.03271562333990653
6.32,-0.04727796496275634
6.328,-0.061257769796670775
6.336,-0.07461996307013494
6.344,-0.08732947001163391
6.352,-0.09935121584965263
6.36,-0.11065012581267589
6.368,-0.12119112512918888
6.376,-0.1309391390276764
6.384,-0.1398590927366238
6.392,-0.14791591148451566
6.4,-0.15507452049983747
6.408,-0.16129984501107375
6.416,-0.16655681024670962
6.424,-0.17081034143523016
6.432,-0.1740253645655272
6.44,-0.17616681527603828
6.448,-0.1691650359537794
6.456,-0.1460016183132825
6.464,-0.1082183785520262
6.472,-0.057357132867488836
6.48,0.00504030254285108
6.488,0.07743211148151512
6.496,0.1582764777510247
6.504,0.2460315851539015
6.512,0.3391556174926671
6.52,0.4361067585698427
6.528,0.5353431921879502
6.536,0.6353231021495114
6.544,0.7345046722570469
6.552,0.8313460863130789
6.56,0.9243055281201288
6.568,1.0118411814807184
6.576,1.0924112301973685
6.584,1.164473858072602
6.592,1.2264872489089385
6.6,1.276909586508901
6.608,1.3141990546750104
6.616,1.336813837209789
6.624,1.343212117915758
6.632,1.3375022873026916
6.64,1.3252210931040314
6.648,1.3069692549577998
6.656,1.2833474925020183
6.664,1.2549565253747088
6.672,1.2223970732138936
6.68,1.1862698556575941
6.688,1.1471755923438318
6.696,1.10571500291063
6.704,1.062488806996009
6.712,1.0180977242379916
6.72,0.9731424742745991
6.728,0.9282237767438538
6.736,0.8839423512837776
6.744,0.8408989175323919
6.752,0.7996941951277191
6.76,0.7609289037077808
6.768,0.7252037629105987
6.776,0.6931194923741952
6.784,0.665276811736592
6.792,0.6422764406358102
6.8,0.624719098709873
6.808,0.6132055055968012
6.816,0.6083363809346172
6.824,0.6085560332641609
6.832,0.6111530264129217
6.84,0.6149944629488949
6.848,0.6189474454400765
6.856,0.6218790764544618
6.864,0.6226564585600463
6.872,0.6215168916759596
6.88,0.6194740372604481
6.888,0.616559540190182
6.896,0.6128050453418319
6.904,0.608242197592068
6.912,0.6029026418175606
6.92,0.5968180228949803
6.928,0.5900199857009975
6.936,0.5825401751122823
6.944,0.5744102360055052
6.952,0.5656618132573369
6.96,0.5563265517444475
6.968,0.5464360963435072
6.976,0.5360220919311868
6.984,0.5251161833841564
6.992,0.5137500155790866
7.0,0.5019552333926476
7.008,0.48976348170150974
7.016,0.4772064053823435
7.024,0.46431564931181923
7.032,0.4511228583666075
7.04,0.4376596774233785
7.048,0.4239577513588026
7.056,0.41004872504955026
7.064,0.395964243372292
7.072,0.3817359512036979
7.08,0.36739549342043853
7.088,0.3529745148991842
7.096,0.3385046605166053
7.104,0.32401757514937235
7.112,0.30954490367415555
7.12,0.29511829096762543
7.128,0.2807693819064524
7.136,0.26652982136730646
7.144,0.2524312542268586
7.152,0.23850532536177885
7.16,0.22478367964873747
7.168,0.2112979619644051
7.176,0.19807981718545195
7.184,0.1851608901885486
7.192,0.17257282585036526
7.2,0.16034726904757246
7.208,0.14851586465684036
7.216,0.13711025755483966
7.224,0.12616209261824057
7.232,0.1157030147237133
7.24,0.10576466874792846
7.248,0.09637869956755649
7.256,0.08757675205926753
7.264,0.07939047109973213
7.272,0.07185150156562063
7.28,0.06499148833360349
7.288,0.058842076280351
7.296,0.05343491028253383
7.304,0.04880163521682186
7.312,0.04497389595988582
7.32,0.0419833373883958
7.328,0.03986160437902246
7.336,0.03864034180843626
7.344,0.05151463484404201
7.352,0.08968585985526839
7.36,0.1501950985218209
7.368,0.23008343252340505
7.376,0.32639194353972634
7.384,0.43616171325049036
7.392,0.5564338233354026
7.4,0.6842493554741687
7.408,0.8166493913464938
7.416,0.950675012632084
7.424,1.0833673010106444
7.432,1.2117673381618808
7.44,1.3329162057654986
7.448,1.4438549855012028
7.456,1.5416247590487
7.464,1.6232666080876952
7.472,1.6858216142978932
7.48,1.726330859359001
7.488,1.7418354249507235
7.496,1.7402742844626435
7.504,1.7319052486583915
7.512,1.7172476552787426
7.52,1.6968208420644713
7.528,1.6711441467563524
7.536,1.6407369070951616
7.544,1.6061184608216734
7.552,1.5678081456766628
7.56,1.5263252994009051
7.568,1.4821892597351747
7.576,1.4359193644202468
7.584,1.3880349511968966
7.592,1.3390553578058986
7.6,1.289499921988028
7.608,1.2398879814840602
7.616,1.1907388740347693
7.624,1.1425719373809309
7.632,1.0959065092633193
7.64,1.0512619274227106
7.648,1.009157529599879
7.656,0.9701126535355991
7.664,0.9346466369706466
7.672,0.9032788176457961
7.68,0.8765285333018226
7.688,0.8549151216795011
7.696,0.8389579205196065
7.704,0.8291762675629142
7.712,0.8260895005501985
7.72,0.8295056316863856
7.728,0.8373395047589706
7.736,0.8472707048825826
7.744,0.8569788171718508
7.752,0.8641434267414037
7.76,0.8664441187058706
7.768,0.8647262526840795
7.776,0.8614202988230608
7.784,0.856583508029747
7.792,0.8502731312110704
7.8,0.8425464192739628
7.808,0.8334606231253568
7.816,0.8230729936721847
7.824,0.8114407818213787
7.832,0.7986212384798711
7.84,0.7846716145545943
7.848,0.7696491609524805
7.856,0.7536111285804619
7.864,0.7366147683454707
7.872,0.7187173311544394
7.88,0.6999760679143002
7.888,0.6804482295319852
7.896,0.6601910669144271
7.904,0.639261830968558
7.912,0.61771777260131
7.92,0.5956161427196154
7.928,0.5730141922304066
7.936,0.5499691720406159
7.944,0.5265383330571757
7.952,0.5027789261870178
7.96,0.47874820233707505
7.968,0.4545034124142794
7.976,0.4301018073255632
7.984,0.40560063797785867
7.992,0.38105715527809825
8.0,0.3565286101332141
8.008,0.33207225345013847
8.016,0.3077453361358037
8.024,0.2836051090971422
8.032,0.259708823241086
8.04,0.23611372947456752
8.048,0.212877078704519
8.056,0.1900561218378728
8.064,0.16770810978156092
8.072,0.14589029344251628
8.08,0.12465992372767046
8.088,0.10407425154395594
8.096,0.08419052779830521
8.104,0.06506600339765051
8.112,0.0467579292489238
8.12,0.029323556259057817
8.128,0.012820135334984516
8.136,-0.002695082616363649
8.144,-0.017164846688054847
8.152,-0.03053190597315572
8.16,-0.04273900956473558
8.168,-0.053728906555860816
8.176,-0.06344434603959942
8.184,-0.07182807710901914
8.192,-0.07882284885718818
8.2,-0.0843714103771738
8.208,-0.08841651076204401
8.216,-0.09090089910486611
8.224,-0.09176732449870831
8.232,-0.08300994403936157
8.24,-0.057809630524334035
8.248,-0.017889206599268483
8.256,0.035028505090192355
8.264,0.09922068189840569
8.272,0.17296450117972872
8.28,0.2545371402885187
8.288,0.3422157765791327
8.296,0.43427758740592826
8.304,0.5289997501232625
8.312,0.6246594420854922
8.32,0.7195338406469752
8.328,0.8119001231620687
8.336,0.9000354669851294
8.344,0.9822170494705147
8.352,1.0567220479725823
8.36,1.1218276398456888
8.368,1.1758110024441921
8.376,1.216949313122449
8.384,1.243519749234817
8.392,1.2537994881356518
8.4,1.2520755867623625
8.408,1.2441457549536346
8.416,1.230553149415743
8.424,1.211840926854963
8.432,1.1885522439775702
8.44,1.1612302574898399
8.448,1.1304181240980475
8.456,1.0966590005084684
8.464,1.0604960434273787
8.472,1.022472409561052
8.48,0.9831312556157653
8.488,0.9430157382977932
8.496,0.9026690143134114
8.504,0.8626342403688948
8.512,0.8234545731705195
8.52,0.7856731694245602
8.528,0.7498331858372927
8.536,0.7164777791149923
8.544,0.686150105963934
8.552,0.659393323090394
8.56,0.6367505872006466
8.568,0.6187650550009682
8.576,0.6059798855548695
8.584,0.5989382524730661
8.592,0.5981833349101425
8.6,0.6042000478536756
8.608,0.6150639923232353
8.616,0.6277043765323103
8.624,0.6390504086943902
8.632,0.6460312970229641
8.64,0.6490586072310448
8.648,0.6506224810586676
8.656,0.6507699907598545
8.664,0.6495482085886279
8.672,0.6470042067990102
8.68,0.6431850576450233
8.688,0.6381378333806895
8.696,0.6319096062600311
8.704,0.6245474485370703
8.712,0.6160984324658294
8.72,0.6066096303003307
8.728,0.596128114294596
8.736,0.5847009567026481
8.744,0.572375229778509
8.752,0.5591980057762007
8.76,0.5452163569497458
8.768,0.5304773555531663
8.776,0.5150280738404844
8.784,0.4989155840657226
8.792,0.48218695848290294
8.8,0.4648892693460475
8.808,0.4470695889091788
8.816,0.42877498942631886
8.824,0.41005254315149015
8.832,0.3909493223387146
8.84,0.37151239924201473
8.848,0.3517888461154125
8.856,0.3318257352129304
8.864,0.3116701387885905
8.872,0.291369129096415
8.88,0.27096977839042624
8.888,0.25051915892464627
8.896,0.2300643429530977
8.904,0.20965240272980232
8.912,0.18933041050878263
8.92,0.16914543854406083
8.928,0.14914455908965898
8.936,0.12937484439959948
8.944,0.1098833667279047
8.952,0.0907171983285966
8.96,0.07192341145569724
8.968,0.05354907836322933
8.976,0.035641271305215064
8.984,0.018247062535676206
8.992,0.0014135243086353146
9.0,-0.014812271121885281
9.008,-0.030383251501863585
9.016,-0.045252344577277365
9.024,-0.05937247809410412
9.032,-0.07269657979832184
9.04,-0.08517757743590862
9.048,-0.09676839875284114
9.056,-0.10742197149509841
9.064,-0.1170912234086578
9.072,-0.12572908223949658
9.08,-0.13328847573359284
9.088,-0.13972233163692496
9.096,-0.14498357769546943
9.104,-0.14902514165520558
9.112,-0.15179995126210963
9.12,-0.15326093426216025
9.128,-0.15336101840133504
9.136,-0.15205313142561241
9.144,-0.14929020108096824
9.152,-0.13210104518409455
9.16,-0.08966839179507452
9.168,-0.025176034024976614
9.176,0.05819223501513077
9.184,0.15725262221417924
9.192,0.26882133446110035
9.2,0.3897145786448256
9.208,0.516748561654287
9.216,0.6467394903784158
9.224,0.7765035717061435
9.232,0.9028570125264015
9.24,1.0226160197281218
9.248,1.132596800200236
9.256,1.2296155608316754
9.264,1.3104885085113727
9.272,1.3720318501282576
9.28,1.4110617925712632
9.288,1.4243945427293205
9.296,1.4208763062199166
9.304,1.4117728585533065
9.312,1.3975297614575743
9.32,1.3785925766608031
9.328,1.3554068658910765
9.336,1.328418190876478
9.344,1.2980721133450908
9.352,1.2648141950249987
9.36,1.229089997644285
9.368,1.1913450829310333
9.376,1.1520250126133267
9.384,1.111575348419249
9.392,1.0704416520768836
9.4,1.029069485314314
9.408,0.9879044098596237
9.416,0.9473919874408959
9.424,0.9079777797862144
9.432,0.8701073486236625
9.44,0.8342262556813238
9.448,0.8007800626872815
9.456,0.7702143313696194
9.464,0.7429746234564207
9.472,0.719506500675769
9.48,0.7002555247557479
9.488,0.6856672574244407
9.496,0.6761872604099308
9.504,0.6722610954403018
9.512,0.6734820171635661
9.52,0.6777415544172501
9.528,0.6829326802137083
9.536,0.6869483675652949
9.544,0.6876815894843643
9.552,0.6853792516521494
9.56,0.6817268789153145
9.568,0.6767753730343616
9.576,0.6705756357697925
9.584,0.663178568882109
9.592,0.6546350741318129
9.6,0.6449960532794061
9.608,0.6343124080853905
9.616,0.6226350403102677
9.624,0.6100148517145396
9.632,0.5965027440587082
9.64,0.5821496191032749
9.648,0.5670063786087421
9.656,0.5511239243356113
9.664,0.5345531580443844
9.672,0.5173449814955631
9.68,0.4995502964496494
9.688,0.48122000466714493
9.696,0.46240500790855166
9.704,0.44315620793437144
9.712,0.42352450650510615
9.72,0.4035608053812574
9.728,0.3833160063233271
9.736,0.3628410110918172
9.744,0.34218672144722945
9.752,0.32140403915006543
9.76,0.30054386596082744
9.768,0.279657103640017
9.776,0.2587946539481359
9.784,0.23800741864568628
9.792,0.2173462994931696
9.8,0.1968621982510879
9.808,0.1766060166799429
9.816,0.1566286565402364
9.824,0.13698101959247042
9.832,0.11771400759714665
9.84,0.09887852231476686
9.848,0.08052546550583309
9.856,0.06270573893084695
9.864,0.04547024435031023
9.872,0.028869883524724874
9.88,0.012955558214592924
9.888,-0.0022218298195842597
9.896,-0.01661137881730443
9.904,-0.030162187018066104
9.912,-0.04282335266136726
9.92,-0.054543973986705976
9.928,-0.06527314923358078
9.936,-0.07495997664148965
9.944,-0.08355355444993032
9.952,-0.09100298089840131
9.96,-0.09725735422640129
9.968,-0.10226577267342787
9.976,-0.10597733447897914
9.984,-0.10834113788255387
9.992,-0.09962673813762415
10.0,-0.07156768614403873
10.008,-0.026309073610859504
10.016,0.03400400775285156
10.024,0.10722646623803254
10.032,0.1912132101356215
10.04,0.28381914773655653
10.048,0.3828991873317757
10.056,0.486308237212217
10.064,0.5919012056688184
10.072,0.6975330009925182
10.08,0.8010585314742545
10.088,0.900332705404965
10.096,0.993210431075588
10.104,1.0775466167770618
10.112,1.1511961708003242
10.12,1.2120140014363132
10.128,1.2578550169759666
10.136,1.286574125710223
10.144,1.2960262359300208
10.152,1.2918038258621924
10.16,1.2813106159480687
10.168,1.2651183778003308
10.176,1.2437988830316613
10.184,1.217923903254742
10.192,1.1880652100822555
10.2,1.1547945751268838
10.208,1.1186837700013086
10.216,1.080304566318212
10.224,1.0402287356902764
10.232,0.9990280497301839
10.24,0.9572742800506162
10.248,0.9155391982642558
10.256,0.8743945759837847
10.264,0.834412184821885
10.272,0.7961637963912386
10.28,0.7602211823045278
10.288,0.7271561141744347
10.296,0.6975403636136414
10.304,0.6719457022348299
10.312,0.650943901650682
10.32,0.6351067334738804
10.328,0.6250059693171067
10.336,0.6212133807930437
10.344,0.6232107341037066
10.352,0.6286032447663719
10.36,0.6351478583666114
10.368,0.6406015204899964
10.376,0.6427211767220989
10.384,0.6418609200206105
10.392,0.6398939121196366
10.4,0.636855701769371
10.408,0.6327818377200074
10.416,0.6277078687217391
10.424,0.6216693435247596
10.432,0.6147018108792626
10.44,0.6068408195354414
10.448,0.5981219182434899
10.456,0.5885806557536012
10.464,0.5782525808159692
10.472,0.5671732421807875
10.48,0.5553781885982492
10.488,0.542902968818548
10.496,0.5297831315918777
10.504,0.5160542256684316
10.512,0.5017517997984033
10.52,0.4869114027319863
10.528,0.4715685832193742
10.536,0.4557588900107606
10.544,0.4395178718563387
10.552,0.42288107750630244
10.56,0.40588405571084524
10.568,0.3885623552201604
10.576,0.3709515247844418
10.584,0.35308711315388275
10.592,0.33500466907867704
10.6,0.31673974130901783
10.608,0.2983278785950989
10.616,0.2798046296871137
10.624,0.26120554333525586
10.632,0.2425661682897189
10.64,0.2239220533006962
10.648,0.20530874711838165
10.656,0.18676179849296834
10.664,0.16831675617465006
10.672,0.15000916891362037
10.68,0.13187458546007266
10.688,0.11394855456420072
10.696,0.09626662497619774
10.704,0.07886434544625757
10.712,0.061777264724289446
10.72,0.045040930602390714
10.728,0.02869088777702994
10.736,0.012762680320436297
10.744,-0.0027081476951615994
10.752,-0.017686052197535156
10.76,-0.03213548911445574
10.768,-0.046020914373694086
10.776,-0.059306783903021576
10.784,-0.07195755363020993
10.792,-0.08393767948302988
10.8,-0.09521161738925304
10.808,-0.10574382327665023
10.816,-0.11549875307299307
10.824,-0.1244408627060525
10.832,-0.1325346081035999
10.84,-0.13974444519340656
10.848,-0.14603482990324376
10.856,-0.15137021816088253
10.864,-0.15571506589409417
10.872,-0.15903382903065041
10.88,-0.16129096349832187
10.888,-0.16245092522487967
10.896,-0.15225616734041156
10.904,-0.12195936300859586
10.912,-0.07379029820759117
10.92,-0.009978758915556038
10.928,0.06724546888935097
10.936,0.1556525992289713
10.944,0.2530128461251464
10.952,0.3570964235997177
10.96,0.4656735456745267
10.968,0.5765144263714147
10.976,0.6873892797122231
10.984,0.7960683197187937
10.992,0.9003217604129676
11.0,0.9979198158165865
11.008,1.0866326999514915
11.016,1.1642306268395244
11.024,1.2284838105025264
11.032,1.277162464962339
11.04,1.308036804240804
11.048,1.3188770423597618
11.056,1.3148026282758811
11.064,1.3029408163883884
11.072,1.2840735288829643
11.08,1.2589826879452897
11.088,1.2284502157610444
11.096,1.1932580345159103
11.104,1.1541880663955668
11.112,1.1120222335856955
11.12,1.0675424582719761
11.128,1.02153066264009
11.136,0.9747687688757172
11.144,0.9280386991645385
11.152,0.8821223756922348
11.16,0.8378017206444867
11.168,0.7958586562069743
11.176,0.7570751045653785
11.184,0.7222329879053802
11.192,0.6921142284126593
11.2,0.6675007482728976
11.208,0.6491744696717744
11.216,0.6379173147949713
11.224,0.6345112058281681
11.232,0.6372845548244859
11.24,0.6430684470046142
11.248,0.6503988143055871
11.256,0.6578115886644397
11.264,0.6638427020182064
11.272,0.6670280863039213
11.28,0.6677431393214929
11.288,0.6673650720088421
11.296,0.665932536010023
11.304,0.6634841829690895
11.312,0.6600586645300959
11.32,0.655694632337096
11.328,0.6504307380341441
11.336,0.6443056332652941
11.344,0.6373579696745999
11.352,0.6296263989061156
11.36,0.6211495726038954
11.368,0.6119661424119933
11.376,0.6021147599744631
11.384,0.5916340769353592
11.392,0.5805627449387354
11.4,0.5689394156286457
11.408,0.5568027406491445
11.416,0.5441913716442852
11.424,0.5311439602581225
11.432,0.5176991581347101
11.44,0.5038956169181021
11.448,0.48977198825235274
11.456,0.4753669237815156
11.464,0.46071907514964516
11.472,0.4458670940007952
11.48,0.43084963197901993
11.488,0.4157053407283733
11.496,0.4004728718929093
11.504,0.385190877116682
11.512,0.36989800804374545
11.52,0.35463291631815375
11.528,0.33943425358396095
11.536,0.324340671485221
11.544,0.309390821665988
11.552,0.29462335577031606
11.56,0.2800769254422591
11.568,0.2657901823258712
11.576,0.2518017780652063
11.584,0.23815036430431852
11.592,0.22487459268726204
11.6,0.21201311485809052
11.608,0.19960458246085855
11.616,0.1876876471396198
11.624,0.17630096053842845
11.632,0.16548317430133824
11.64,0.15527294007240353
11.648,0.14570890949567838
11.656,0.13682973421521671
11.664,0.12867406587507263
11.672,0.12128055611929998
11.68,0.11468785659195303
11.688,0.10893461893708567
11.696,0.10405949479875228
11.704,0.10010113582100634
11.712,0.09709819364790244
11.72,0.09508931992349416
11.728,0.09411316629183578
11.736,0.09420838439698116
11.744,0.10827185007434603
11.752,0.14721925792343538
11.76,0.20811748773443775
11.768,0.28803341929754184
11.776,0.3840339324029361
11.784,0.4931859068408093
11.792,0.6125562224013499
11.8,0.7392117588747465
11.808,0.8702193960511878
11.816,1.0026460137208624
11.824,1.1335584916739585
11.832,1.2600237097006652
11.84,1.3791085475911713
11.848,1.4878798851356643
11.856,1.5834046021243335
11.864,1.6627495783473683
11.872,1.7229816935949556
11.88,1.7611678276572855
11.888,1.7743748603245455
11.896,1.7692718881471512
11.904,1.7550550905658915
11.912,1.7325819717065158
11.92,1.7027100356947742
11.928,1.666296786656416
11.936,1.6241997287171912
11.944,1.5772763660028488
11.952,1.5263842026391388
11.96,1.4723807427518112
11.968,1.416123490466615
11.976,1.3584699499093005
11.984,1.3002776252056167
11.992,1.2424040204813138
12.0,1.1857066398621412
12.008,1.1310429874738483
12.016,1.0792705674421854
12.024,1.0312468838929019
12.032,0.9878294409517471
12.04,0.9498757427444707
12.048,0.9182432933968228
12.056,0.8937895970345525
12.064,0.8773721577834103
12.072,0.8698484797691446
12.08,0.8707594944861315
12.088,0.8767264433063774
12.096,0.884227295172079
12.104,0.8897400190254329
12.112,0.8897425838086356
12.12,0.8847643865328225
12.128,0.8777466176571548
12.136,0.8687849362958676
12.144,0.8579750015631965
12.152,0.8454124725733768
12.16,0.8311930084406438
12.168,0.8154122682792333
12.176,0.7981659112033801
12.184,0.7795495963273199
12.192,0.7596589827652881
12.2,0.73858972963152
12.208,0.716437496040251
12.216,0.6932979411057165
12.224,0.669266723942152
12.232,0.6444395036637925
12.24,0.6189119393848739
12.248,0.5927796902196314
12.256,0.5661384152823002
12.264,0.5390837736871159
12.272,0.5117114245483139
12.28,0.4841170269801294
12.288,0.4563962400967978
12.296,0.4286447230125547
12.304,0.40095813484163534
12.312,0.373432134698275
12.32,0.34616238169670926
12.328,0.31924453495117355
12.336,0.2927742535759031
12.344,0.26684719668513324
12.352,0.24155902339309954
12.36,0.21700539281403713
12.368,0.1932819640621819
12.376,0.1704843962517688
12.384,0.14870834849703313
12.392,0.1280494799122108
12.4,0.10860344961153649
12.408,0.09046591670924617
12.416,0.07373254031957496
12.424,0.05849897955675833
12.432,0.04486089353503191
12.44,0.032913941368630475
12.448,0.022753782171789874
12.456,0.014476075058745336
12.464,0.00817647914373236
12.472,0.003950653540986129
12.48,0.010845100096678717
12.488,0.03646157044000371
12.496,0.07872859835972926
12.504,0.13557471764462348
12.512,0.20492846208345447
12.52,0.2847183654649905
12.528,0.3728729615779995
12.536,0.4673207842112498
12.544,0.5659903671535094
12.552,0.6668102441935466
12.56,0.7677089491201294
12.568,0.866615015722026
12.576,0.9614569777880043
12.584,1.0501633691068328
12.592,1.1306627234672795
12.6,1.2008835746581121
12.608,1.2587544564681
12.616,1.3022039026860097
12.624,1.3291604471006102
12.632,1.3375526235006698
12.64,1.3314457270486555
12.648,1.3168883573218675
12.656,1.2947840047313237
12.664,1.266036159688041
12.672,1.231548312603037
12.68,1.1922239538873294
12.688,1.1489665739519348
12.696,1.102679663207872
12.704,1.054266712066157
12.712,1.004631210937808
12.72,0.9546766502338423
12.728,0.9053065203652771
12.736,0.8574243117431304
12.744,0.8119335147784191
12.752,0.7697376198821605
12.76,0.7317401174653726
12.768,0.6988444979390726
12.776,0.6719542517142775
12.784,0.6519728692020055
12.792,0.6398038408132734
12.8,0.6363506569590988
12.808,0.6408791310862576
12.816,0.6495072767182558
12.824,0.6584168843812064
12.832,0.6637897446012221
12.84,0.6655219031185966
12.848,0.6660826667479525
12.856,0.6655137176000467
12.864,0.6638567354463575
12.872,0.6611533959369353
12.88,0.6574453743023051
12.888,0.6527743457729912
12.896,0.6471819855795179
12.904,0.64070996895241
12.912,0.6333999711221918
12.92,0.6252936673193881
12.928,0.6164327327745229
12.936,0.6068588427181214
12.944,0.5966136723807077
12.952,0.5857388969928061
12.96,0.5742761917849415
12.968,0.5622672319876384
12.976,0.5497536928314212
12.984,0.5367772495468142
12.992,0.5233795773643423
13.0,0.5096023515145296
13.008,0.4954872472279009
13.016,0.48107593973498075
13.024,0.4664101042662935
13.032,0.45153141605236363
13.04,0.4364815503237158
13.048,0.4213021823108744
13.056,0.4060349872443639
13.064,0.39072164035470913
13.072,0.3754038168724342
13.08,0.36012319202806375
13.088,0.34492144105212236
13.096,0.3298402391751346
13.104,0.31492126162762474
13.112,0.30020618364011753
13.12,0.2857366804431375
13.128,0.2715544272672089
13.136,0.25770109934285634
13.144,0.24421837190060441
13.152,0.23114792017097757
13.16,0.21853141938450035
13.168,0.20641054477169726
13.176,0.1948269715630931
13.184,0.18382237498921156
13.192,0.17343843028057807
13.2,0.16371681266771662
13.208,0.15469919738115173
13.216,0.1464272596514081
13.224,0.13894267470901028
13.232,0.1322871177844825
13.24,0.12650226410834942
13.248,0.1216297889111357
13.256,0.11771136742336566
13.264,0.11478867487556393
13.272,0.11290338649825504
13.28,0.11209717752196303
13.288,0.1124117231772129
13.296,0.11388869869452958
13.304,0.132603783960135
13.312,0.18172574735981045
13.32,0.2569358968734175
13.328,0.35391554048081764
13.336,0.46834598616187245
13.344,0.5959085418964437
13.352,0.7322845156643926
13.36,0.873155215445581
13.368,1.0142019492198702
13.376,1.151106024967122
13.384,1.2795487506671979
13.392,1.3952114342999598
13.4,1.4937753838452683
13.408,1.5709219072829859
13.416,1.6223323125929738
13.424,1.643687907755093
13.432,1.6433517190861833
13.44,1.633185372432967
13.448,1.6141180750701318
13.456,1.5870790342723666
13.464,1.5529974573143581
13.472,1.5128025514707957
13.48,1.467423524016366
13.488,1.417789582225758
13.496,1.3648299333736595
13.504,1.309473784734758
13.512,1.2526503435837417
13.52,1.195288817195299
13.528,1.1383184128441173
13.536,1.082668337804885
13.544,1.0292677993522896
13.552,0.9790460047610199
13.56,0.9329321613057633
13.568,0.8918554762612075
13.576,0.8567451569020413
13.584,0.8285304105029523
13.592,0.8081404443386278
13.6,0.7965044656837571
13.608,0.7945516818130273
13.616,0.8023413410735009
13.624,0.816383848712092
13.632,0.8322851473532663
13.64,0.8456511796214897
13.648,0.8520878881412276
13.656,0.8526118510035146
13.664,0.8512193363617941
13.672,0.847985821934145
13.68,0.8429867854386466
13.688,0.836297704593378
13.696,0.8279940571164182
13.704,0.8181513207258462
13.712,0.8068449731397412
13.72,0.7941504920761823
13.728,0.7801433552532486
13.736,0.7648990403890192
13.744,0.7484930252015731
13.752,0.7310007874089894
13.76,0.7124978047293474
13.768,0.6930595548807257
13.776,0.672761515581204
13.784,0.651679164548861
13.792,0.6298879795017757
13.8,0.6074634381580276
13.808,0.5844810182356954
13.816,0.5610161974528584
13.824,0.5371444535275955
13.832,0.512941264177986
13.84,0.48848210712210893
13.848,0.4638424600780434
13.856,0.4390978007638683
13.864,0.4143236068976629
13.872,0.3895953561975064
13.88,0.3649885263814776
13.888,0.34057859516765576
13.896,0.31644104027412
13.904,0.2926513394189493
13.912,0.26928497032022275
13.92,0.2464174106960195
13.928,0.22412413826441874
13.936,0.20248063074349928
13.944,0.1815623658513405
13.952,0.16144482130602128
13.96,0.1422034748256207
13.968,0.12391380412821815
13.976,0.10665128693189223
13.984,0.0904914009547225
13.992,0.07550962391478773
14.0,0.061781433530167455
14.008,0.04938230751893989
14.016,0.03838772359918526
14.024,0.028873159488981538
14.032,0.020914092906408506
14.04,0.014586001569545246
14.048,0.009964363196470653
14.056,0.007124655505263368
14.064,0.0061423562140033965
14.072,0.0070929430407695865
14.08,0.019272145762292976
14.088,0.05042951552952376
14.096,0.09832126212186869
14.104,0.16070359531873446
14.112,0.23533272489952786
14.12,0.31996486064365565
14.128,0.41235621233052444
14.136,0.5102629897395411
14.144,0.6114414026501124
14.152,0.7136476608416449
14.16,0.8146379740935453
14.168,0.9121685521852206
14.176,1.0039956048960774
14.184,1.0878753420055227
14.192,1.1615639732929626
14.2,1.2228177085378047
14.208,1.2693927575194548
14.216,1.2990453300173201
14.224,1.309531635810808
14.232,1.304708571140438
14.24,1.2906209592778233
14.248,1.268306900549011
14.256,1.238804495280047
14.264,1.2031518437969777
14.272,1.16238704642585
14.28,1.1175482034927091
14.288,1.069673415323603
14.296,1.0198007822445763
14.304,0.9689684045816768
14.312,0.91821438266095
14.32,0.8685768168084425
14.328,0.8210938073502008
14.336,0.7768034546122713
14.344,0.7367438589206998
14.352,0.7019531206015335
14.36,0.6734693399808181
14.368,0.6523306173846005
14.376,0.6395750531389265
14.384,0.6362407475698426
14.392,0.6411786509112721
14.4,0.6506098500335685
14.408,0.6616276502174231
14.416,0.6713253567435279
14.424,0.6767962748925745
14.432,0.6784630239118933
14.44,0.6787237765365229
14.448,0.6776351682787175
14.456,0.6752538346507319
14.464,0.6716364111648203
14.472,0.6668395333332371
14.48,0.6609198366682371
14.488,0.653933956682074
14.496,0.645938528887003
14.504,0.636990188795278
14.512,0.6271455719191538
14.52,0.6164613137708845
14.528,0.6049940498627246
14.536,0.5928004157069289
14.544,0.5799370468157514
14.552,0.5664605787014467
14.56,0.5524276468762692
14.568,0.5378948868524731
14.576,0.5229189341423133
14.584,0.507556424258044
14.592,0.4918639927119195
14.6,0.4758982750161944
14.608,0.45971590668312295
14.616,0.44337352322495976
14.624,0.42692776015395917
14.632,0.41043525298237565
14.64,0.3939526372224637
14.648,0.3775365483864774
14.656,0.36124362198667165
14.664,0.3451304935353006
14.672,0.32925379854461884
14.68,0.31367017252688056
14.688,0.29843625099434035
14.696,0.2836086694592526
14.704,0.2692440634338718
14.712,0.25539906843045235
14.72,0.24213031996124867
14.728,0.22949445353851505
14.736,0.21754810467450603
14.744,0.20634790888147636
14.752,0.19595050167168004
14.76,0.18641251855737156
14.768,0.1777905950508055
14.776,0.17014136666423593
14.784,0.1635214689099176
14.792,0.15798753730010498
14.8,0.1535962073470526
14.808,0.15040411456301447
14.816,0.14846789446024516
14.824,0.14784418255099935
14.832,0.14858961434753132
14.84,0.16239007468304925
14.848,0.1990980065774021
14.856,0.2560198828228052
14.864,0.330462176211474
14.872,0.41973135953562385
14.88,0.5211339055874701
14.888,0.6319762871592282
14.896,0.7495649770431134
14.904,0.8712064480313412
14.912,0.994207172916127
14.92,1.1158736244896863
14.928,1.2335122755442338
14.936,1.3444295988719857
14.944,1.445932067265157
14.952,1.535326153515963
14.96,1.6099183304166194
14.968,1.6670150707593412
14.976,1.7039228473363437
14.984,1.717948132939843
14.992,1.713106156398267
15.0,1.6961001735313792
15.008,1.6682687024325276
15.016,1.6309502661161717
15.024,1.5854833878107333
15.032,1.5332065907446328
15.04,1.4754583981462928
15.048,1.4135773332441335
15.056,1.348901919266577
15.064,1.2827706794420441
15.072,1.2165221369989563
15.08,1.1514948151657356
15.088,1.0890272371708019
15.096,1.0304579262425775
15.104,0.9771254056094837
15.112,0.9303681984999418
15.12,0.8915248281423728
15.128,0.8619338177651983
15.136,0.8429336905968393
15.144,0.8358629698657177
15.152,0.8408827974304934
15.16,0.8527429075345739
15.168,0.8646647119835
15.176,0.8698696225828131
15.184,0.8684241390549757
15.192,0.8649679205694498
15.2,0.8595821181022767
15.208,0.8523478826294971
15.216,0.8433463651271522
15.224,0.8326587165712828
15.232,0.8203660879379298
15.24,0.8065496302031345
15.248,0.7912904943429375
15.256,0.7746698313333802
15.264,0.7567687921505031
15.272,0.7376685277703475
15.28,0.7174501891689542
15.288,0.6961949273223643
15.296,0.6739838932066187
15.304,0.6508982377977585
15.312,0.6270191120718243
15.32,0.6024276670048575
15.328,0.577205053572899
15.336,0.5514324227519896
15.344,0.5251909255181704
15.352,0.4985617128474821
15.36,0.4716259357159661
15.368,0.4444647450996633
15.376,0.4171592919746144
15.384,0.38979072731686054
15.392,0.36244020210244277
15.4,0.3351888673074019
15.408,0.30811787390777906
15.416,0.281308372879615
15.424,0.25484151519895093
15.432,0.22879845184182784
15.44,0.20326033378428635
15.448,0.178308312002368
15.456,0.15402353747211328
15.464,0.13048716116956321
15.472,0.10778033407075903
15.48,0.08598420715174145
15.488,0.06517993138855167
15.496,0.045448657757230435
15.504,0.026871537233819066
15.512,0.009529720794358036
15.52,-0.006495640585111403
15.528,-0.021123395928548123
15.536,-0.0342723942599111
15.544,-0.045861484603159974
15.552,-0.05580951598225328
15.56,-0.06403533742115
15.568,-0.0704577979438091
15.576,-0.07499574657419046
15.584,-0.07756803233625194
15.592,-0.07809350425395342
15.6,-0.06366382769190151
15.608,-0.023568212280761905
15.616,0.03897817655641902
15.624,0.12076017339659481
15.632,0.21856261281671907
15.64,0.32917032939374546
15.648,0.4493681577046275
15.656,0.5759409323263188
15.664,0.705673487835773
15.672,0.8353506588099437
15.68,0.9617572798257844
15.688,1.0816781854602489
15.696,1.1918982102902906
15.704,1.2892021888928626
15.712,1.3703749558449199
15.72,1.432201345723415
15.728,1.4714661931053015
15.736,1.4849543325675334
15.744,1.4795338759345191
15.752,1.46486739296281
15.76,1.441931405127572
15.768,1.4117024339039725
15.776,1.375157000767178
15.784,1.3332716271923555
15.792,1.287022834654672
15.8,1.2373871446292937
15.808,1.185341078591388
15.816,1.1318611580161213
15.824,1.0779239043786604
15.832,1.0245058391541726
15.84,0.972583483817824
15.848,0.9231333598447818
15.856,0.8771319887102129
15.864,0.8355558918892837
15.872,0.7993815908571614
15.88,0.7695856070890124
15.888,0.7471444620600041
15.896,0.7330346772453027
15.904,0.7282327741200749
15.912,0.7317927304628816
15.92,0.740052212458298
15.928,0.7499132741905131
15.936,0.7582779697437164
15.944,0.7620483532020972
15.952,0.7616938205441466
15.96,0.7597848644477856
15.968,0.7563751840463487
15.976,0.7515184784731698
15.984,0.7452684468615831
15.992,0.7376787883449231
16.0,0.7288032020565237
16.008,0.7186953871297194
16.016,0.7074090426978441
16.024,0.6949978678942323
16.032,0.6815155618522183
16.04,0.6670158237051358
16.048,0.6515523525863194
16.056,0.6351788476291034
16.064,0.6179490079668217
16.072,0.5999165327328088
16.08,0.5811351210603987
16.088,0.5616584720829256
16.096,0.5415402849337241
16.104,0.520834258746128
16.112,0.49959409265347154
16.12,0.4778734857890891
16.128,0.45572613728631484
16.136,0.433205746278483
16.144,0.41036601189892774
16.152,0.38726063328098326
16.16,0.3639433095579838
16.168,0.3404677398632636
16.176,0.31688762333015685
16.184,0.2932566590919978
16.192,0.26962854628212063
16.2,0.2460569840338595
16.208,0.2225956714805487
16.216,0.1992983077555224
16.224,0.1762185919921149
16.232,0.15341022332366025
16.24,0.13092690088349285
16.248,0.10882232380494687
16.256,0.08715019122135634
16.264,0.06596420226605566
16.272,0.04531805607237893
16.28,0.02526545177366059
16.288,0.005860088503234528
16.296,-0.012844334605564816
16.304,-0.030794118419403115
16.312,-0.047935563804946485
16.32,-0.06421497162886049
16.328,-0.079578642757811
16.336,-0.09397287805846394
16.344,-0.10734397839748475
16.352,-0.11963824464153919
16.36,-0.13080197765729373
16.368,-0.14078147831141324
16.376,-0.14952304747056466
16.384,-0.1569729860014124
16.392,-0.16307759477062314
16.4,-0.16778317464486223
16.408,-0.1710360264907963
16.416,-0.17278245117508986
16.424,-0.17296874956440936
16.432,-0.15672974856122934
16.44,-0.1117858731064361
16.448,-0.04196182112431373
16.456,0.048917709460853734
16.464,0.15702802072478225
16.472,0.27854441474318775
16.48,0.4096421935917863
16.488,0.5464966593462938
16.496,0.6852831140824259
16.504,0.8221768598758992
16.512,0.9533531988024292
16.52,1.0749874329377316
16.528,1.1832548643575227
16.536,1.2743307951375196
16.544,1.344390527353436
16.552,1.3896093630809898
16.56,1.4061626043958948
16.568,1.4022351543650429
16.576,1.3891994107817858
16.584,1.3680119178115344
16.592,1.3396292196196993
16.6,1.3050078603716915
16.608,1.2651043842329213
16.616,1.2208753353687996
16.624,1.1732772579447366
16.632,1.1232666961261435
16.64,1.071800194078431
16.648,1.019834295967009
16.656,0.9683255459572894
16.664,0.9182304882146816
16.672,0.8705056669045974
16.68,0.8261076261924465
16.688,0.7859929102436404
16.696,0.7511180632235895
16.704,0.7224396292977039
16.712,0.7009141526313949
16.72,0.6874981773900731
16.728,0.6831482477391492
16.736,0.6872137308961734
16.744,0.696204511946653
16.752,0.7068179118579342
16.76,0.7157512515973626
16.768,0.7197018521322843
16.776,0.7190133477877804
16.784,0.7162869035290245
16.792,0.7116061362835003
16.8,0.7050546629786927
16.808,0.6967161005420854
16.816,0.686674065901163
16.824,0.6750121759834097
16.832,0.6618140477163097
16.84,0.6471632980273473
16.848,0.6311435438440068
16.856,0.6138384020937724
16.864,0.5953314897041286
16.872,0.5757064236025592
16.88,0.5550468207165489
16.888,0.5334362979735816
16.896,0.5109584723011421
16.904,0.48769696062671414
16.912,0.4637353798777822
16.92,0.43915734698183045
16.928,0.4140464788663434
16.936,0.38848639245880495
16.944,0.3625607046866997
16.952,0.33635303247751175
16.96,0.30994699275872545
16.968,0.28342620245782485
16.976,0.25687427850229444
16.984,0.23037483781961848
16.992,0.20401149733728116
17.0,0.17786787398276663
17.008,0.15202758468355942
17.016,0.1265742463671435
17.024,0.10159147596100354
17.032,0.07716289039262328
17.04,0.05337210658948753
17.048,0.030302741479080193
17.056,0.008038411988885556
17.064,-0.013337264953612104
17.072,-0.03374067242092827
17.08,-0.05308819348557899
17.088,-0.07129621122007976
17.096,-0.08828110869694639
17.104,-0.10395926898869481
17.112,-0.11824707516784044
17.12,-0.1310609103068994
17.128,-0.14231715747838672
17.136,-0.15193219975481928
17.144,-0.15982242055589982
17.152,-0.16590420671210687
17.16,-0.17009394698983876
17.168,-0.1723080301777142
17.176,-0.17246284506435147
17.184,-0.15628226746220886
17.192,-0.11205881878395874
17.2,-0.04356185621854073
17.208,0.04543926304510551
17.216,0.1511751818180404
17.224,0.2698765429113241
17.232,0.3977739891360172
17.24,0.53109816330318
17.248,0.6660797082238727
17.256,0.798949266709156
17.264,0.9259374815700899
17.272,1.0432749956177347
17.28,1.1471924516631515
17.288,1.2339204925173997
17.296,1.2996897609915403
17.304,1.340730899896633
17.312,1.3532745520437384
17.32,1.346816793747726
17.328,1.3337871065440736
17.336,1.3148162410747541
17.344,1.290534947981742
17.352,1.261573977907011
17.36,1.2285640814925336
17.368,1.1921360093802842
17.376,1.1529205122122363
17.384,1.1115483406303632
17.392,1.0686502452766395
17.4,1.0248569767930376
17.408,0.9807992858215318
17.416,0.9371079230040955
17.424,0.8944136389827024
17.432,0.8533471843993262
17.44,0.8145393098959403
17.448,0.7786207661145185
17.456,0.7462223036970342
17.464,0.7179746732854614
17.472,0.6945086255217734
17.48,0.6764549110479436
17.488,0.6644442805059463
17.496,0.6591074845377545
17.504,0.6589407833294261
17.512,0.6610177619938299
17.52,0.6638351585631563
17.528,0.6658897110695959
17.536,0.6656781575453388
17.544,0.6633357451913892
17.552,0.6600225449729646
17.56,0.6557725305685774
17.568,0.6506196756567388
17.576,0.6445979539159609
17.584,0.637741339024755
17.592,0.6300838046616332
17.6,0.6216593245051073
17.608,0.6125018722336887
17.616,0.6026454215258894
17.624,0.5921239460602208
17.632,0.580971419515195
17.64,0.5692218155693237
17.648,0.5569091079011185
17.656,0.5440672701890912
17.664,0.5307302761117533
17.672,0.5169320993476169
17.68,0.5027067135751936
17.688,0.48808809247299506
17.696,0.473110209719533
17.704,0.45780703899331937
17.712,0.4422125539728657
17.72,0.4263607283366837
17.728,0.41028553576328525
17.736,0.394020949931182
17.744,0.37760094451888565
17.752,0.3610594932049081
17.76,0.3444305696677608
17.768,0.32774814758595583
17.776,0.3110462006380046
17.784,0.2943587025024191
17.792,0.2777196268577108
17.8,0.2611629473823917
17.808,0.2447226377549735
17.816,0.22843267165396777
17.824,0.2123270227578863
17.832,0.19643966474524094
17.84,0.18080457129454328
17.848,0.16545571608430504
17.856,0.1504270727930382
17.864,0.13575261509925426
17.872,0.12146631668146496
17.88,0.10760215121818215
17.888,0.09419409238791748
17.896,0.08127611386918285
17.904,0.06888218934048972
17.912,0.05704629248034991
17.92,0.045802396967275325
17.928,0.035184476479777405
17.936,0.0252265046963684
17.944,0.015962455295559338
17.952,0.007426301955862413
17.96,-0.00034798164421075833
17.968,-0.007326421826148323
17.976,-0.013475044911438656
17.984,-0.018759877221570024
17.992,-0.023146945078030362
18.0,-0.026602274802308708
18.008,-0.029091892715892666
18.016,-0.01612276005042556
18.024,0.02434789859487408
18.032,0.08867866184715457
18.04,0.17322810833356428
18.048,0.2743548166812515
18.056,0.3884173655173646
18.064,0.5117743334690519
18.072,0.6407842991634619
18.08,0.7718058412277429
18.088,0.901197538289043
18.096,1.0253179689745109
18.104,1.1405257119112944
18.112,1.2431793457265425
18.12,1.3296374490474032
18.128,1.3962586005010251
18.136,1.4394013787145559
18.144,1.4554243623151448
18.152,1.4524095229361043
18.16,1.441374242984677
18.168,1.423080217248905
18.176,1.3982891405168305
18.184,1.367762707576496
18.192,1.3322626132159436
18.2,1.2925505522232157
18.208,1.2493882193863544
18.216,1.2035373094934019
18.224,1.155759517332401
18.232,1.106816537691393
18.24,1.0574700653584206
18.248,1.0084817951215264
18.256,0.9606134217687523
18.264,0.9146266400881409
18.272,0.871283144867734
18.28,0.8313446308955739
18.288,0.7955727929597034
18.296,0.7647293258481641
18.304,0.7395759243489987
18.312,0.7208742832502489
18.32,0.7093860973399575
18.328,0.705873061406167
18.336,0.7095542310199366
18.344,0.7173172985683708
18.352,0.7264269140635776
18.36,0.7341477275176659
18.368,0.7377443889427437
18.376,0.7376453506890152
18.384,0.7361351278893976
18.392,0.7332624647300716
18.4,0.7290761053972168
18.408,0.7236247940770134
18.416,0.7169572749556413
18.424,0.7091222922192809
18.432,0.7001685900541118
18.44,0.6901449126463142
18.448,0.6791000041820682
18.456,0.6670826088475535
18.464,0.6541414708289505
18.472,0.6403253343124392
18.48,0.6256829434841994
18.488,0.6102630425304112
18.496,0.5941143756372548
18.504,0.5772856869909102
18.512,0.559825720777557
18.52,0.5417832211833756
18.528,0.5232069323945463
18.536,0.5041455985972485
18.544,0.48464796397766274
18.552,0.46476277272196886
18.56,0.4445387690163467
18.568,0.42402469704697654
18.576,0.4032693010000383
18.584,0.3823213250617121
18.592,0.36122951341817783
18.6,0.3400426102556157
18.608,0.3188093597602056
18.616,0.2975785061181274
18.624,0.27639879351556146
18.632,0.25531896613868776
18.64,0.23438776817368598
18.648,0.21365394380673655
18.656,0.19316623722401924
18.664,0.17297339261171424
18.672,0.15312415415600142
18.68,0.13366726604306123
18.688,0.11465147245907309
18.696,0.09612551759021729
18.704,0.07813814562267397
18.712,0.06073810074262282
18.72,0.04397412713624434
18.728,0.02789496898971831
18.736,0.012549370489224883
18.744,-0.0020139241790562683
18.752,-0.01574617082894475
18.76,-0.028598625274260756
18.768,-0.04052254332882416
18.776,-0.05146918080645482
18.784,-0.06138979352097293
18.792,-0.07023563728619825
18.8,-0.07795796791595104
18.808,-0.08450804122405087
18.816,-0.08983711302431824
18.824,-0.0938964391305725
18.832,-0.09663727535663409
18.84,-0.09801087751632284
18.848,-0.09796850142345871
18.856,-0.08365489886735876
18.864,-0.04433716329402261
18.872,0.01684993699770552
18.88,0.09677163370898165
18.888,0.19229315854096168
18.896,0.30027974319480166
18.904,0.4175966193716573
18.912,0.5411090187726848
18.92,0.6676821730990397
18.928,0.7941813140518785
18.936,0.9174716733323567
18.944,1.0344184826416307
18.952,1.1418869736808555
18.96,1.236742378151188
18.968,1.3158499277537834
18.976,1.3760748541897982
18.984,1.4142823891603886
18.992,1.4273377643667098
19.0,1.4228417361317174
19.008,1.410955051017109
19.016,1.392382926082153
19.024,1.3678305783861182
19.032,1.3380032249882734
19.04,1.303606082947887
19.048,1.2653443693242277
19.056,1.2239233011765642
19.064,1.180048095564165
19.072,1.1344239695462994
19.08,1.0877561401822353
19.088,1.040749824531242
19.096,0.9941102396525875
19.104,0.9485426026055408
19.112,0.9047521304493709
19.12,0.8634440402433459
19.128,0.8253235490467346
19.136,0.7910958739188059
19.144,0.7614662319188282
19.152,0.7371398401060701
19.16,0.7188219155398007
19.168,0.7072176752792882
19.176,0.7030323363838016
19.184,0.7048326960240713
19.192,0.7096857435223883
19.2,0.7160469841653613
19.208,0.7223719232395992
19.216,0.7271160660317108
19.224,0.7287349178283051
19.232,0.7276248201155677
19.24,0.7252437797148354
19.248,0.7216397999154436
19.256,0.7168608840067282
19.264,0.7109550352780247
19.272,0.7039702570186689
19.28,0.695954552517996
19.288,0.6869559241752549
19.296,0.6770223699757196
19.304,0.666201886538946
19.312,0.6545424704840842
19.32,0.6420921184302851
19.328,0.6288988269966989
19.336,0.6150105928024762
19.344,0.6004754124667676
19.352,0.5853412826087231
19.36,0.5696561998474937
19.368,0.5534681608022297
19.376,0.5368251620920815
19.384,0.5197752003361995
19.392,0.5023662721537344
19.4,0.48464637416383666
19.408,0.4666635029856567
19.416,0.44846565523834486
19.424,0.4301008275410517
19.432,0.4116170165129278
19.44,0.39306221877312364
19.448,0.3744844309407894
19.456,0.35593164963507595
19.464,0.3374518714751336
19.472,0.3190930930801128
19.48,0.300903311069164
19.488,0.2829305220614379
19.496,0.26522272267608443
19.504,0.2478279095322548
19.512,0.23079407924909895
19.52,0.21416922844576766
19.528,0.19800135374141112
19.536,0.1823384517551799
19.544,0.16722851910622494
19.552,0.15271955241369614
19.56,0.13885954829674382
19.568,0.12569650337451913
19.576,0.11327841426617212
19.584,0.1016532775908535
19.592,0.0908690899677135
19.6,0.08097384801590245
19.608,0.07201554835457145
19.616,0.06404218760287053
19.624,0.05710176237995035
19.632,0.05124226930496111
19.64,0.04651170499705331
19.648,0.042958066075377575
19.656,0.040629349159084824
19.664,0.03957355086732466
19.672,0.05175619348160452
19.68,0.08718190469490245
19.688,0.14295733924357612
19.696,0.21618915186398308
19.704,0.303983997292481
19.712,0.4034485302654273
19.72,0.51168940551918
19.728,0.6258132777900962
19.736,0.742926801814534
19.744,0.8601366323288505
19.752,0.9745494240694037
19.76,1.0832718317725507
19.768,1.1834105101746497
19.776,1.272072114012058
19.784,1.3463632980211333
19.792,1.403390716938233
19.8,1.440261025499715
19.808,1.4540808784419363
19.816,1.4514709940131338
19.824,1.441431271161687
19.832,1.424637135674172
19.84,1.4017640133371636
19.848,1.3734873299372368
19.856,1.340482511260966
19.864,1.3034249830949272
19.872,1.262990171225695
19.88,1.2198535014398442
19.888,1.1746903995239504
19.896,1.1281762912645883
19.904,1.0809866024483334
19.912,1.0337967588617605
19.92,0.9872821862914442
19.928,0.9421183105239599
19.936,0.898980557345883
19.944,0.8585443525437884
19.952,0.8214851219042506
19.96,0.7884782912138452
19.968,0.7601992862591471
19.976,0.7373235328267315
19.984,0.7205264567031731
19.992,0.7104834836750471
20.0,0.7078700395289292
20.008,0.7122658091846954
20.016,0.7208938957080245
20.024,0.7308948521041937
20.032,0.7394092313784804
20.04,0.7435775865361616
20.048,0.7439505141701147
20.056,0.743014680652928
20.064,0.7408147436594458
20.072,0.7373953608645119
20.08,0.7328011899429705
20.088,0.7270768885696653
20.096,0.720267114419441
20.104,0.712416525167141
20.112,0.7035697784876099
20.12,0.6937715320556913
20.128,0.6830664435462295
20.136,0.6714991706340684
20.144,0.6591143709940521
20.152,0.6459567023010249
20.16,0.6320708222298304
20.168,0.6175013884553128
20.176,0.6022930586523165
20.184,0.586490490495685
20.192,0.5701383416602628
20.2,0.5532812698208939
20.208,0.535963932652422
20.216,0.5182309878296915
20.224,0.5001270930275463
20.232,0.48169690592083036
20.24,0.46298508418438805
20.248,0.44403628549306307
20.256,0.4248951675216997
20.264,0.4056063879451419
20.272,0.38621460443823374
20.28,0.3667644746758191
20.288,0.3473006563327424
20.296,0.32786780708384733
20.304,0.30851058460397807
20.312,0.2892736465679787
20.32,0.27020165065069335
20.328,0.2513392545269659
20.336,0.2327311158716405
20.344,0.21442189235956127
20.352,0.19645624166557185
20.36,0.17887882146451708
20.368,0.16173428943124024
20.376,0.1450673032405858
20.384,0.12892252056739745
20.392,0.11334459908651968
20.4,0.09837819647279614
20.408,0.08406797040107108
20.416,0.07045857854618887
20.424,0.057594678582992935
20.432,0.04552092818632765
20.44,0.03428198503103716
20.448,0.023922506791965455
20.456,0.014487151143956236
20.464,0.006020575761854056
20.472,-0.0014325616794971414
20.48,-0.007827603505253928
20.488,-0.01311989204057104
20.496,-0.017264769610605708
20.504,-0.020217578540513325
20.512,-0.021933661155449338
20.52,-0.02236835978057028
20.528,-0.02147701674103236
20.536,-0.008972500456710053
20.544,0.023802557254159633
20.552,0.07444816896887843
20.56,0.1405643472647477
20.568,0.21975110471906925
20.576,0.3096084539091445
20.584,0.4077364074122751
20.592,0.5117349778057626
20.6,0.6192041776669086
20.608,0.7277440195730145
20.616,0.8349545161013823
20.624,0.9384356798293131
20.632,1.0357875233341087
20.64,1.1246100591930708
20.648,1.2025032999835008
20.656,1.2670672582827003
20.664,1.3159019466679711
20.672,1.3466073777166139
20.68,1.3567835640059318
20.688,1.3529023048862296
20.696,1.343364540868857
20.704,1.3286639962726823
20.712,1.3092943954165723
20.72,1.2857494626193944
20.728,1.2585229222000167
20.736,1.2281084984773063
20.744,1.1949999157701305
20.752,1.1596908983973573
20.76,1.1226751706778535
20.768,1.084446456930487
20.776,1.0454984814741248
20.784,1.0063249686276352
20.792,0.9674196427098851
20.8,0.9292762280397421
20.808,0.8923884489360736
20.816,0.857250029717747
20.824,0.8243546947036301
20.832,0.79419616821259
20.84,0.7672681745634943
20.848,0.7440644380752102
20.856,0.7250786830666058
20.864,0.7108046338565482
20.872,0.7017360147639046
20.88,0.6983665501075428
20.888,0.6998158546612953
20.896,0.7037679458870317
20.904,0.7085631521356758
20.912,0.7125418017581506
20.92,0.7140442231053798
20.928,0.7133026240595067
20.936,0.7116745816683473
20.944,0.7091884780313328
20.952,0.7058726952478954
20.96,0.7017556154174667
20.968,0.6968656206394785
20.976,0.6912310930133627
20.984,0.6848804146385511
20.992,0.6778419676144751
21.0,0.6701441340405669
21.008,0.6618152960162582
21.016,0.6528838356409805
21.024,0.6433781350141662
21.032,0.6333265762352465
21.04,0.6227575414036532
21.048,0.6116994126188184
21.056,0.6001805719801737
21.064,0.5882294015871511
21.072,0.575874283539182
21.08,0.5631435999356985
21.088,0.5500657328761323
21.096,0.536669064459915
21.104,0.5229819767864786
21.112,0.5090328519552548
21.12,0.49485007206567544
21.128,0.48046201921717235
21.136,0.465897075509177
21.144,0.45118362304112153
21.152,0.4363500439124377
21.16,0.42142472022255706
21.168,0.4064360340709114
21.176,0.39141236755693276
21.184,0.37638210278005263
21.192,0.3613736218397032
21.2,0.3464153068353158
21.208,0.33153553986632234
21.216,0.3167627030321548
21.224,0.30212517843224485
21.232,0.28765134816602417
21.24,0.27336959433292474
21.248,0.259308299032378
21.256,0.2454958443638161
21.264,0.23196061242667068
21.272,0.21873098532037347
21.28,0.2058353451443563
21.288,0.1933020739980511
21.296,0.18115955398088954
21.304,0.16943616719230317
21.312,0.15816029573172402
21.32,0.14736032169858387
21.328,0.13706462719231455
21.336,0.12730159431234753
21.344,0.11809960515811482
21.352,0.10948704182904848
21.36,0.10149228642457979
21.368,0.09414372104414082
21.376,0.08746972778716318
21.384,0.08149868875307896
21.392,0.07625898604131956
21.4,0.0717790017513169
21.408,0.0680871179825029
21.416,0.06521171683430924
21.424,0.06318118041357901
21.432,0.06202389459195879
21.44,0.0722343955042248
21.448,0.10278328764522399
21.456,0.1514130685052258
21.464,0.21586623557449958
21.472,0.2938852863433148
21.48,0.38321271830194076
21.488,0.48159102894064704
21.496,0.5867627157497031
21.504,0.696470276219378
21.512,0.8084562078399417
21.52,0.9204630081016627
21.528,1.0302331744948117
21.536,1.135509204509657
21.544,1.2340335956364687
21.552,1.3235488453655155
21.56,1.4017974511870674
21.568,1.4665219105913938
21.576,1.515464721068764
21.584,1.5463683801094479
21.592,1.5569753852037136
21.6,1.5531587507070281
21.608,1.5426812593040902
21.616,1.5261200609790206
21.624,1.5040523057159394
21.632,1.4770551434989658
21.64,1.44570572431222
21.648,1.4105811981398226
21.656,1.3722587149658934
21.664,1.3313154247745522
21.672,1.2883284775499189
21.68,1.243875023276114
21.688,1.198532211937257
21.696,1.1528771935174684
21.704,1.1074871180008679
21.712,1.0629391353715756
21.72,1.0198103956137115
21.728,0.9786780487113954
21.736,0.9401192446487479
21.744,0.9047111334098884
21.752,0.8730308649789376
21.76,0.8456555893400146
21.768,0.8231624564772402
21.776,0.8061286163747339
21.784,0.7951312190166158
21.792,0.7907474143870066
21.8,0.7918571549254224
21.808,0.7959718220925335
21.816,0.8016157094041896
21.824,0.8073131103762408
21.832,0.8115883185245366
21.84,0.8129656273649271
21.848,0.8118332908372684
21.856,0.8095879683116165
21.864,0.8062665614491188
21.872,0.801905971910923
21.88,0.7965431013581773
21.888,0.7902148514520296
21.896,0.7829581238536276
21.904,0.7748098202241192
21.912,0.7658068422246519
21.92,0.7559860915163744
21.928,0.7453844697604338
21.936,0.7340388786179785
21.944,0.7219862197501558
21.952,0.7092633948181142
21.96,0.6959073054830011
21.968,0.6819548534059644
21.976,0.6674429402481522
21.984,0.6524084676707125
21.992,0.6368883373347927
22.0,0.6209194509015407
22.008,0.6045387100321047
22.016,0.5877830163876325
22.024,0.5706892716292719
22.032,0.5532943774181704
22.04,0.5356352354154765
22.048,0.5177487472823378
22.056,0.499671814679902
22.064,0.4814413392693172
22.072,0.4630942227117312
22.08,0.44466736666829176
22.088,0.42619767280014687
22.096,0.4077220427684442
22.104,0.3892773782343318
22.112,0.37090058085895766
22.12,0.3526285523034693
22.128,0.3344981942290148
22.136,0.316546408296742
22.144,0.2988100961677989
22.152,0.2813261595033331
22.16,0.2641314999644926
22.168,0.24726301921242513
22.176,0.23075761890827898
22.184,0.2146522007132014
22.192,0.1989836662883407
22.2,0.18378891729484462
22.208,0.16910485539386114
22.216,0.15496838224653767
22.224,0.1414163995140228
22.232,0.1284858088574636
22.24,0.11621351193800869
22.248,0.10463641041680545
22.256,0.09379140595500168
22.264,0.0837154002137457
22.272,0.07444529485418509
22.28,0.06601799153746793
22.288,0.05847039192474159
22.296,0.05183939767715444
22.304,0.046161910455854396
22.312,0.04147483192198827
22.32,0.037815063736705255
22.328,0.03521950756115282
22.336,0.033725065056478876
22.344,0.04489812170269971
22.352,0.07862592366522242
22.36,0.13242666363327973
22.368,0.2038185342961046
22.376,0.2903197283429298
22.384,0.3894484384629881
22.392,0.4987228573455125
22.4,0.6156611776797356
22.408,0.7377815921548905
22.416,0.8626022934602098
22.424,0.9876414742849262
22.432,1.1104173273182731
22.44,1.2284480452494826
22.448,1.3392518207677884
22.456,1.4403468465624223
22.464,1.5292513153226184
22.472,1.6034834197376084
22.48,1.6605613524966258
22.488,1.6980033062889024
22.496,1.7133274738036728
22.504,1.7124966596078175
22.512,1.7035785787010158
22.52,1.6872487894216979
22.528,1.6641828501082936
22.536,1.6350563190992322
22.544,1.6005447547329437
22.552,1.561323715347857
22.56,1.518068759282403
22.568,1.4714554448750103
22.576,1.4221593304641091
22.584,1.370855974388129
22.592,1.3182209349854996
22.6,1.2649297705946505
22.608,1.2116580395540115
22.616,1.1590813002020122
22.624,1.1078751108770821
22.632,1.0587150299176518
22.64,1.0122766156621494
22.648,0.9692354264490057
22.656,0.9302670206166501
22.664,0.8960469565035123
22.672,0.8672507924480218
22.68,0.8445540867886082
22.688,0.8286323978637016
22.696,0.8201612840117315
22.704,0.8198163035711271
22.712,0.8274601223456131
22.72,0.8402074827414274
22.728,0.8546120580007709
22.736,0.8672275213658441
22.744,0.8746075460788479
22.752,0.8776170224408282
22.76,0.8794413849232108
22.768,0.8801151230237674
22.776,0.8796727262402697
22.784,0.8781486840704895
22.792,0.8755774860121984
22.8,0.8719936215631677
22.808,0.8674315802211695
22.816,0.861925851483975
22.824,0.8555109248493564
22.832,0.8482212898150847
22.84,0.8400914358789321
22.848,0.8311558525386697
22.856,0.8214490292920698
22.864,0.8110054556369033
22.872,0.7998596210709424
22.88,0.7880460150919586
22.888,0.7755991271977235
22.896,0.7625534468860087
22.904,0.7489434636545859
22.912,0.7348036670012267
22.92,0.7201685464237028
22.928,0.7050725914197856
22.936,0.6895502914872473
22.944,0.6736361361238591
22.952,0.6573646148273925
22.96,0.6407702170956195
22.968,0.6238874324263117
22.976,0.6067507503172405
22.984,0.5893946602661777
22.992,0.5718536517708952
23.0,0.5541622143291641
23.008,0.5363548374387563
23.016,0.5184660105974436
23.024,0.5005302233029976
23.032,0.4825819650531896
23.04,0.4646557253457915
23.048,0.4467859936785751
23.056,0.4290072595493117
23.064,0.4113540124557731
23.072,0.39386074189573106
23.08,0.37656193736695714
23.088,0.3594920883672229
23.096,0.3426856843942998
23.104,0.32617721494596
23.112,0.31000116951997475
23.12,0.29419203761411594
23.128,0.27878430872615473
23.136,0.2638124723538632
23.144,0.24931101799501307
23.152,0.23531443514737568
23.16,0.22185721330872282
23.168,0.20897384197682617
23.176,0.19669881064945705
23.184,0.1850666088243875
23.192,0.17411172599938907
23.2,0.16386865167223336
23.208,0.15437187534069188
23.216,0.14565588650253639
23.224,0.13775517465553838
23.232,0.13070422929747003
23.24,0.1245375399261022
23.248,0.11928959603920727
23.256,0.11499488713455634
23.264,0.11168790270992134
23.272,0.10940313226307356
23.28,0.10817506529178515
23.288,0.10803819129382752
23.296,0.10902699976697203
23.304,0.11117598020899101
23.312,0.11451962211765536
23.32,0.12929191923331435
23.328,0.16420246378125525
23.336,0.21699914298665732
23.344,0.28542984407469973
23.352,0.36724245427056185
23.36,0.4601848607994228
23.368,0.5620049508864619
23.376,0.6704506117568583
23.384,0.7832697306357913
23.392,0.89821019474844
23.4,1.0130198913199837
23.408,1.125446707575602
23.416,1.2332385307404734
23.424,1.334143248039778
23.432,1.4259087466986944
23.44,1.5062829139424023
23.448,1.5730136369960803
23.456,1.6238488030849083
23.464,1.6565362994340656
23.472,1.6688240132687302
23.48,1.666642066982572
23.488,1.657776866726875
23.496,1.6427607253632432
23.504,1.6221259557532797
23.512,1.596404870758589
23.52,1.5661297832407737
23.528,1.5318330060614378
23.536,1.494046852082185
23.544,1.4533036341646186
23.552,1.4101356651703427
23.56,1.3650752579609602
23.568,1.3186547253010754
23.576,1.2714063750207003
23.584,1.223862507771062
23.592,1.1765554236376825
23.6,1.1300174227060844
23.608,1.0847808050617886
23.616,1.0413778707903183
23.624,1.000340919977195
23.632,0.9622022527079408
23.64,0.9274941690680779
23.648,0.8967489691431281
23.656,0.8704989530186136
23.664,0.849276420780057
23.672,0.8336136725129791
23.68,0.8240430083029037
23.688,0.8210967282353511
23.696,0.824378592477808
23.704,0.8317424451450409
23.712,0.8410957122434931
23.72,0.850345819779608
23.728,0.8574001937598295
23.736,0.8601662601906007
23.744,0.8593979342374125
23.752,0.8572758427299126
23.76,0.85384747917078
23.768,0.8491603370626934
23.776,0.8432619099083316
23.784,0.8361996912103737
23.792,0.8280211744714984
23.8,0.8187738531943844
23.808,0.808505220881711
23.816,0.7972627710361565
23.824,0.7850939971604001
23.832,0.7720463927571205
23.84,0.7581674513289965
23.848,0.7435046663787073
23.856,0.7281055314089313
23.864,0.7120175399223476
23.872,0.6952881854216351
23.88,0.6779649614094725
23.888,0.6600953613885385
23.896,0.6417268788615124
23.904,0.6229070073310725
23.912,0.6036832402998982
23.92,0.5841030712706681
23.928,0.5642139937460608
23.936,0.5440635012287557
23.944,0.523699087221431
23.952,0.5031682452267661
23.96,0.48251846874743964
23.968,0.4617972512861303
23.976,0.4410520863455172
23.984,0.4203304674282792
23.992,0.39967988803709487
24.0,0.3791478416746432
24.008,0.35878182184360324
24.016,0.3386293220466534
24.024,0.3187378357864731
24.032,0.29915485656574053
24.04,0.2799278778871351
24.048,0.2611043932533355
24.056,0.24273189616702034
24.064,0.22485788013086883
24.072,0.20752983864755944
24.08,0.1907952652197714
24.088,0.17470165335018326
24.096,0.159296496541474
24.104,0.14462728829632251
24.112,0.1307415221174076
24.12,0.11768669150740796
24.128,0.10551028996900284
24.136,0.09425981100487077
24.144,0.08398274811769024
24.152,0.07472659481014121
24.16,0.06653884458490139
24.168,0.05946699094464985
24.176,0.05355852739206618
24.184,0.04886094742982846
24.192,0.045421744560616276
24.2,0.04328841228710728
24.208,0.04250844411198168
24.216,0.051005756819825526
24.224,0.07560555923752806
24.232,0.11470728293122107
24.24,0.16671035946703633
24.248,0.23001422041110564
24.256,0.30301829732956076
24.264,0.38412202178853355
24.272,0.4717248253541557
24.28,0.5642261395925592
24.288,0.6600253960698753
24.296,0.7575220263522365
24.304,0.855115462005774
24.312,0.95120513459662
24.32,1.0441904756909057
24.328,1.1324709168547638
24.336,1.2144458896543253
24.344,1.2885148256557224
24.352,1.3530771564250867
24.36,1.4065323135285501
24.368,1.447279728532244
24.376,1.4737188330023006
24.384,1.4842490585048518
24.392,1.4823531316752916
24.4,1.4730120814878471
24.408,1.4568727930168988
24.416,1.4345821513368269
24.424,1.4067870415220116
24.432,1.374134348646834
24.44,1.337270957785674
24.448,1.2968437540129125
24.456,1.2534996224029298
24.464,1.2078854480301058
24.472,1.1606481159688218
24.48,1.1124345112934573
24.488,1.0638915190783935
24.496,1.0156660243980105
24.504,0.9684049123266887
24.512,0.9227550679388086
24.52,0.8793633763087505
24.528,0.838876722510895
24.536,0.8019419916196228
24.544,0.7692060687093136
24.552,0.7413158388543482
24.56,0.7189181871291074
24.568,0.7026599986079709
24.576,0.6931881583653201
24.584,0.6911495514755343
24.592,0.6967985165527183
24.6,0.7081005740867502
24.608,0.7222693819656715
24.616,0.7365185980775233
24.624,0.7480618803103471
24.632,0.7541128865521847
24.64,0.7556437159671291
24.648,0.7555223943647607
24.656,0.7538064696013523
24.664,0.7505534895331761
24.672,0.7458210020165051
24.68,0.7396665549076117
24.688,0.7321476960627685
24.696,0.7233219733382478
24.704,0.7132469345903225
24.712,0.7019801276752649
24.72,0.6895791004493478
24.728,0.6761014007688436
24.736,0.661604576490025
24.744,0.6461461754691643
24.752,0.6297837455625342
24.76,0.6125748346264074
24.768,0.594576990517056
24.776,0.5758477610907533
24.784,0.5564446942037713
24.792,0.5364253377123828
24.8,0.5158472394728602
24.808,0.4947679473414761
24.816,0.4732450091745032
24.824,0.45133597282821375
24.832,0.4290983861588808
24.84,0.40658979702277637
24.848,0.38386775327617334
24.856,0.3609898027753443
24.864,0.3380134933765617
24.872,0.31499637293609795
24.88,0.291995989310226
24.888,0.26906989035521817
24.896,0.24627562392734692
24.904,0.223670737882885
24.912,0.2013127800781048
24.92,0.1792592983692791
24.928,0.15756784061268025
24.936,0.13629595466458086
24.944,0.11550118838125364
24.952,0.095241089618971
24.96,0.07557320623400543
24.968,0.05655508608262981
24.976,0.03824427702111642
24.984,0.020698326905737925
24.992,0.003974783592766609
25.0,-0.011868805061524436
25.008,-0.02677489120086303
25.016,-0.040685926968976736
25.024,-0.0535443645095925
25.032,-0.06529265596643821
25.04,-0.07587325348324081
25.048,-0.08522860920372854
25.056,-0.09330117527162854
25.064,-0.1000334038306675
25.072,-0.10536774702457369
25.08,-0.10924665699707423
25.088,-0.11161258589189672
25.096,-0.11240798585276829
25.104,-0.11157530902341699
25.112,-0.10905700754756995
25.12,-0.09526287733724581
25.128,-0.06210285612114231
25.136,-0.011769608768004704
25.144,0.05354419985342174
25.152,0.1316459048743918
25.16,0.2203428414261603
25.168,0.3174423446399819
25.176,0.42075174964711143
25.184,0.5280783915788038
25.192,0.6372296055663133
25.2,0.7460127267408954
25.208,0.8522350902338043
25.216,0.9537040311762948
25.224,1.048226884699622
25.232,1.1336109859350403
25.24,1.2076636700138048
25.248,1.26819227206717
25.256,1.313004127226391
25.264,1.339906570622722
25.272,1.3467069373874183
25.28,1.3404777591071364
25.288,1.3299826126027654
25.296,1.3155654008569084
25.304,1.2975700268521684
25.312,1.2763403935711484
25.32,1.2522204039964515
25.328,1.225553961110681
25.336,1.1966849678964393
25.344,1.1659573273363306
25.352,1.133714942412957
25.36,1.100301716108922
25.368,1.0660615514068283
25.376,1.0313383512892795
25.384,0.9964760187388781
25.392,0.9618184567382275
25.4,0.927709568269931
25.408,0.8944932563165912
25.416,0.8625134238608111
25.424,0.8321139738851943
25.432,0.8036388093723436
25.44,0.7774318333048617
25.448,0.7538369486653522
25.456,0.7331980584364182
25.464,0.7158590656006624
25.472,0.7021638731406877
25.48,0.6924563840390978
25.488,0.6870805012784954
25.496,0.6847940672272171
25.504,0.6837288708485536
25.512,0.6832897350175383
25.52,0.6828814826092049
25.528,0.6819089364985872
25.536,0.6797769195607188
25.544,0.6765957990180029
25.552,0.6728824763796167
25.56,0.6686515759507561
25.568,0.6639177220366159
25.576,0.6586955389423917
25.584,0.6529996509732789
25.592,0.6468446824344727
25.6,0.6402452576311685
25.608,0.6332160008685614
25.616,0.6257715364518472
25.624,0.6179264886862209
25.632,0.6096954818768778
25.64,0.6010931403290135
25.648,0.5921340883478232
25.656,0.5828329502385022
25.664,0.573204350306246
25.672,0.5632629128562497
25.68,0.5530232621937088
25.688,0.5425000226238186
25.696,0.5317078184517743
25.704,0.5206612739827714
25.712,0.5093750138021643
25.72,0.49786366720110353
25.728,0.48614186737545617
25.736,0.4742242476392817
25.744,0.46212544130663924
25.752,0.44986008169158787
25.76,0.4374428021081871
25.768,0.42488823587049596
25.776,0.41221101629257384
25.784,0.3994257766884798
25.792,0.3865471503722733
25.8,0.3735897706580134
25.808,0.36056827085975934
25.816,0.3474972842915705
25.824,0.3343914442675061
25.832,0.3212653841016253
25.84,0.3081337371079873
25.848,0.2950111366006515
25.856,0.281912215893677
25.864,0.26885160830112304
25.872,0.25584394713704894
25.88,0.24290386571551398
25.888,0.2300459973505772
25.896,0.21728497535629804
25.904,0.20463543304673568
25.912,0.19211200373594928
25.92,0.17972932073799816
25.928,0.16750201736694165
25.936,0.15544472693683886
25.944,0.14357208276174896
25.952,0.13189871815573123
25.96,0.12043926643284515
25.968,0.10920836090714957
25.976,0.09822063489270409
25.984,0.08749072170356784
25.992,0.07703325465379993
26.0,0.0668628670574597
26.008,0.05699419222860637
26.016,0.04744186348129927
26.024,0.03822051412959733
26.032,0.029344777487560224
26.04,0.02082928686924682
26.048,0.012688675588716681
26.056,0.0049375769600287864
26.064,-0.002409375702757399
26.072,-0.009337549085582918
26.08,-0.01583230987438829
26.088,-0.021879024755114558
26.096,-0.027463060413701917
26.104,-0.03256978353609174
26.112,-0.037184560808224555
26.12,-0.04129275891604084
26.128,-0.04487974454548177
26.136,-0.03571953880064135
26.144,-0.003299672797153874
26.152,0.04982422176172953
26.16,0.12109651317275774
26.168,0.20796156973267965
26.176,0.30786375973824415
26.184,0.4182474514862001
26.192,0.5365570132732963
26.2,0.6602368133962818
26.208,0.7867312201519056
26.216,0.9134846018369163
26.224,1.0379413267480626
26.232,1.1575457631820936
26.24,1.269742279435759
26.248,1.3719752438058062
26.256,1.4616890245889849
26.264,1.5363279900820443
26.272,1.5933365085817326
26.28,1.6301589483847985
26.288,1.6442396777879924
26.296,1.6425125660971869
26.304,1.633976884745802
26.312,1.6191751052219043
26.32,1.5986496990135595
26.328,1.5729431376088343
26.336,1.5425978924957953
26.344,1.508156435162508
26.352,1.4701612370970394
26.36,1.4291547697874551
26.368,1.3856795047218224
26.376,1.3402779133882068
26.384,1.293492467274675
26.392,1.2458656378692925
26.4,1.1979398966601271
26.408,1.1502577151352438
26.416,1.1033615647827093
26.424,1.05779391709059
26.432,1.014097243546952
26.44,0.972814015639862
26.448,0.9344867048573857
26.456,0.8996577826875898
26.464,0.8688697206185407
26.472,0.842664990138305
26.48,0.8215860627349479
26.488,0.8061754098965364
26.496,0.796975503111137
26.504,0.7945288138668155
26.512,0.7980597921024355
26.52,0.805222080722472
26.528,0.8142019406634095
26.536,0.8231856328617325
26.544,0.8303594182539257
26.552,0.8339095577764735
26.56,0.8343695160625886
26.568,0.833511571563096
26.576,0.8313802059408992
26.584,0.8280199008589015
26.592,0.8234751379800063
26.6,0.8177903989671166
26.608,0.811010165483136
26.616,0.8031789191909676
26.624,0.7943411417535148
26.632,0.784541314833681
26.64,0.7738239200943692
26.648,0.7622334391984832
26.656,0.7498143538089257
26.664,0.7366111455886006
26.672,0.7226682962004108
26.68,0.7080302873072598
26.688,0.6927416005720508
26.696,0.6768467176576871
26.704,0.6603901202270721
26.712,0.6434162899431091
26.72,0.625969708468701
26.728,0.608094857466752
26.736,0.5898362186001644
26.744,0.5712382735318423
26.752,0.5523455039246884
26.76,0.5332023914416065
26.768,0.5138534177454996
26.776,0.4943430644992712
26.784,0.47471581336582447
26.792,0.45501614600806256
26.8,0.4352885440888891
26.808,0.4155774892712072
26.816,0.3959274632179203
26.824,0.3763829475919315
26.832,0.3569884240561444
26.84,0.33778837427346187
26.848,0.3188272799067877
26.856,0.30014962261902495
26.864,0.28179988407307693
26.872,0.26382254593184695
26.88,0.24626208985823833
26.888,0.22916299751515423
26.896,0.21256975056549823
26.904,0.19652683067217347
26.912,0.18107871949808335
26.92,0.16626989870613093
26.928,0.15214484995921992
26.936,0.1387480549202533
26.944,0.12612399525213466
26.952,0.11431715261776682
26.96,0.10337200868005354
26.968,0.09333304510189795
26.976,0.08424474354620339
26.984,0.07615158567587307
26.992,0.06909805315381089
27.0,0.06312862764291885
27.008,0.058287790806101275
27.016,0.05462002430626154
27.024,0.052169809806302585
27.032,0.05098162896912759
27.04,0.051099963457640514
27.048,0.06398152939137249
27.056,0.09939388843840465
27.064,0.15484779058446366
27.072,0.22785398581527624
27.08,0.3159232241165689
27.088,0.41656625547406834
27.096,0.5272938298735014
27.104,0.6456166973005945
27.112,0.7690456077410742
27.12,0.8950913111806674
27.128,1.0212645576051007
27.136,1.1450760970001006
27.144,1.2640366793513937
27.152,1.3756570546447073
27.16,1.4774479728657675
27.168,1.5669201840003004
27.176,1.6415844380340336
27.184,1.698951484952693
27.192,1.736532074742007
27.2,1.7518369573876997
27.208,1.7508685917300506
27.216,1.7417418104532292
27.224,1.7251359243087987
27.232,1.7017302440483226
27.24,1.6722040804233638
27.248,1.6372367441854865
27.256,1.5975075460862531
27.264,1.553695796877228
27.272,1.5064808073099742
27.28,1.456541888136055
27.288,1.4045583501070336
27.296,1.3512095039744734
27.304,1.2971746604899383
27.312,1.2431331304049915
27.32,1.1897642244711957
27.328,1.1377472534401152
27.336,1.087761528063313
27.344,1.0404863590923525
27.352,0.996601057278797
27.36,0.95678493337421
27.368,0.9217172981301547
27.376,0.8920774622981946
27.384,0.8685447366298937
27.392,0.8517984318768148
27.4,0.8425178587905211
27.408,0.8413823281225761
27.416,0.8481993886799889
27.424,0.8604371793406562
27.432,0.8752658959624723
27.44,0.8898557344033318
27.448,0.9013768905211287
27.456,0.906999560173758
27.464,0.9079405095636721
27.472,0.9073396837243135
27.48,0.905252046760062
27.488,0.9017325627752971
27.496,0.8968361958743988
27.504,0.8906179101617461
27.512,0.8831326697417189
27.52,0.874435438718697
27.528,0.8645811811970601
27.536,0.8536248612811872
27.544,0.8416214430754586
27.552,0.8286258906842535
27.56,0.8146931682119519
27.568,0.7998782397629329
27.576,0.7842360694415765
27.584,0.7678216213522623
27.592,0.7506898595993698
27.6,0.7328957482872788
27.608,0.7144942515203685
27.616,0.6955403334030192
27.624,0.67608895803961
27.632,0.6561950895345207
27.64,0.6359136919921307
27.648,0.6152997295168199
27.656,0.594408166212968
27.664,0.5732939661849542
27.672,0.5520120935371585
27.68,0.5306175123739604
27.688,0.5091651867997395
27.696,0.48771008091887547
27.704,0.46630715883574775
27.712,0.4450113846547363
27.72,0.42387772248022054
27.728,0.40296113641658005
27.736,0.38231659056819434
27.744,0.3619990490394435
27.752,0.34206347593470665
27.76,0.32256483535836367
27.768,0.3035580914147942
27.776,0.2850982082083777
27.784,0.2672401498434938
27.792,0.2500388804245222
27.8,0.23354936405584267
27.808,0.2178265648418346
27.816,0.20292544688687783
27.824,0.18890097429535166
27.832,0.17580811117163575
27.84,0.16370182162011016
27.848,0.15263706974515417
27.856,0.1426688187767756
27.864,0.13385202517796352
27.872,0.12624164225516504
27.88,0.1198926232970919
27.888,0.11485992159245405
27.896,0.1111984904299617
27.904,0.10896328309832685
27.912,0.1082092528862592
27.92,0.1089913530824701
27.928,0.11136453697566943
27.936,0.12372305106517802
27.944,0.15308078965155666
27.952,0.1974221777253779
27.96,0.25473164027721396
27.968,0.3229936022976375
27.976,0.4001924887772208
27.984,0.4843127247065363
27.992,0.5733387350761564
28.0,0.6652549448766535
28.008,0.7580457790986003
28.016,0.849695662732569
28.024,0.9381890207691317
28.032,1.0215102781988614
28.04,1.0976438600123306
28.048,1.1645741912001109
28.056,1.2202856967527753
28.064,1.2627628016608963
28.072,1.2899899309150458
28.08,1.299951509505797
28.088,1.297836606380896
28.096,1.2904607460885447
28.104,1.278248037019999
28.112,1.2616225875665146
28.12,1.2410085061193472
28.128,1.2168299010697528
28.136,1.1895108808089865
28.144,1.1594755537283048
28.152,1.1271480282189625
28.16,1.0929524126722163
28.168,1.0573128154793212
28.176,1.020653345031533
28.184,0.9833981097201079
28.192,0.9459712179363008
28.2,0.9087967780713683
28.208,0.8722988985165655
28.216,0.8369016876631483
28.224,0.8030292539023726
28.232,0.7711057056254936
28.24,0.7415551512237679
28.248,0.71480169908845
28.256,0.6912694576107968
28.264,0.6713825351820638
28.272,0.6555650401935056
28.28,0.6442410810363796
28.288,0.63783476610194
28.296,0.6367702037814434
28.304,0.6408188946023836
28.312,0.6481031516377243
28.32,0.6565733020969261
28.328,0.6641796731894493
28.336,0.6688725921247546
28.344,0.670903580450457
28.352,0.6719120781221458
28.36,0.671930289961244
28.368,0.6709904207891739
28.376,0.6691246754273587
28.384,0.6663652586972204
28.392,0.6627443754201822
28.4,0.6582942304176661
28.408,0.6530470285110955
28.416,0.6470349745218924
28.424,0.6402902732714798
28.432,0.6328451295812804
28.44,0.6247317482727164
28.448,0.6159823341672109
28.456,0.6066290920861862
28.464,0.5967042268510654
28.472,0.5862399432832706
28.48,0.5752684462042249
28.488,0.5638219404353506
28.496,0.5519326307980706
28.504,0.5396327221138074
28.512,0.5269544192039839
28.52,0.5139299268900224
28.528,0.5005914499933454
28.536,0.48697119333537603
28.544,0.4731013617375367
28.552,0.45901416002125006
28.56,0.44474179300793876
28.568,0.43031646551902547
28.576,0.41577038237593267
28.584,0.4011357484000833
28.592,0.3864447684128997
28.6,0.3717296472358048
28.608,0.3570225896902211
28.616,0.3423558005975711
28.624,0.3277614847792777
28.632,0.3132718470567635
28.64,0.298919092251451
28.648,0.2847354251847629
28.656,0.2707530506781219
28.664,0.2570041735529505
28.672,0.24352099863067156
28.68,0.2303357307327076
28.688,0.21748057468048118
28.696,0.2049877352954151
28.704,0.19288941739893214
28.712,0.18121782581245438
28.72,0.17000516535740495
28.728,0.15928364085520652
28.736,0.14908545712728147
28.744,0.13944281899505268
28.752,0.13038793127994244
28.76,0.12195299880337375
28.768,0.1141702263867691
28.776,0.10707181885155137
28.784,0.10068998101914285
28.792,0.09505691771096622
28.8,0.09020483374844428
28.808,0.08616593395299948
28.816,0.08297242314605512
28.824,0.08065650614903294
28.832,0.07925038778335626
28.84,0.07878627287044664
28.848,0.07929636623172837
28.856,0.08081287268862271
28.864,0.0960004840109631
28.872,0.13547676487700464
28.88,0.19620322947080382
28.888,0.27514139197641724
28.896,0.36925276657790146
28.904,0.47549886745931313
28.912,0.5908412088047085
28.92,0.7122413047981446
28.928,0.8366606696236777
28.936,0.9610608174653643
28.944,1.0824032625072615
28.952,1.197649518933425
28.96,1.3037611009279115
28.968,1.3976995226747784
28.976,1.4764262983580818
28.984,1.536902942161878
28.992,1.5760909682702238
29.0,1.5909518908671756
29.008,1.5891933896717962
29.016,1.5808950882835295
29.024,1.566576416707003
29.032,1.5467568049468448
29.04,1.521955683007683
29.048,1.4926924808941455
29.056,1.45948662861086
29.064,1.4228575561624555
29.072,1.3833246935535586
29.08,1.341407470788798
29.088,1.2976253178728012
29.096,1.2524976648101966
29.104,1.2065439416056123
29.112,1.1602835782636758
29.12,1.1142360047890154
29.128,1.0689206511862588
29.136,1.0248569474600342
29.144,0.9825643236149696
29.152,0.9425622096556928
29.16,0.9053700355868317
29.168,0.8715072314130144
29.176,0.8414932271388688
29.184,0.815847452769023
29.192,0.7950893383081047
29.2,0.7797383137607425
29.208,0.7703138091315634
29.216,0.7673352544251957
29.224,0.7702486861367159
29.232,0.7768851713044356
29.24,0.7853416857478366
29.248,0.7937152052864007
29.256,0.80010270573961
29.264,0.8026011629269463
29.272,0.801824485702106
29.28,0.7996858404400842
29.288,0.7962310892423105
29.296,0.7915060942102149
29.304,0.7855567174452273
29.312,0.7784288210487774
29.32,0.7701682671222952
29.328,0.7608209177672104
29.336,0.7504326350849528
29.344,0.7390492811769525
29.352,0.726716718144639
29.36,0.7134808080894421
29.368,0.6993874131127918
29.376,0.6844823953161182
29.384,0.6688116168008507
29.392,0.6524209396684192
29.4,0.6353562260202538
29.408,0.6176633379577839
29.416,0.5993881375824398
29.424,0.580576486995651
29.432,0.5612742482988475
29.44,0.541527283593459
29.448,0.5213814549809155
29.456,0.5008826245626469
29.464,0.48007665444008263
29.472,0.4590094067146529
29.48,0.4377267434877874
29.488,0.4162745268609161
29.496,0.3946986189354686
29.504,0.37304488181287493
29.512,0.35135917759456464
29.52,0.3296873683819679
29.528,0.30807531627651435
29.536,0.28656888337963393
29.544,0.2652139317927564
29.552,0.2440563236173115
29.56,0.22314192095472932
29.568,0.20251658590643948
29.576,0.182226180573872
29.584,0.16231656705845632
29.592,0.14283360746162277
29.6,0.12382316388480108
29.608,0.10533109842942068
29.616,0.08740327319691173
29.624,0.07008555028870404
29.632,0.053423791806227666
29.64,0.03746385985091197
29.648,0.022251616524187
29.656,0.007832923927482811
29.664,-0.00574635583777133
29.672,-0.01844036067014473
29.68,-0.030203228468208883
29.688,-0.04098909713053254
29.696,-0.05075210455568673
29.704,-0.05944638864224091
29.712,-0.06702608728876631
29.72,-0.07344533839383194
29.728,-0.07865827985600882
29.736,-0.08261904957386638
29.744,-0.08528178544597567
29.752,-0.08660062537090635
29.76,-0.08652970724722853
29.768,-0.07411854741379123
29.776,-0.040244385904501814
29.784,0.012397053839481892
29.792,0.08111004837700199
29.8,0.16319887426690063
29.808,0.25596780806802
29.816,0.35672112633920205
29.824,0.46276310563928913
29.832,0.5713980225271234
29.84,0.6799301535615465
29.848,0.7856637753014014
29.856,0.8859031643055295
29.864,0.9779525971327733
29.872,1.0591163503419747
29.88,1.1266987004919766
29.888,1.1780039241416198
29.896,1.2103362978497476
29.904,1.2210000981752014
29.912,1.2174969940248703
29.92,1.2093787046539304
29.928,1.1970245821436534
29.936,1.1808139785753122
29.944,1.1611262460301792
29.952,1.1383407365895268
29.96,1.1128368023346273
29.968,1.0849937953467534
29.976,1.0551910677071772
29.984,1.0238079714971713
29.992,0.9912238587980083
